package,service,method,fqmn,request,response,streaming,safety,live_status,http,proto
axxonsoft.bl.acfa,AcfaService,ListUnitsActions,axxonsoft.bl.acfa.AcfaService.ListUnitsActions,ListUnitsActionsRequest,ListUnitsActionsResponse,server,read,tested-pass,,axxonsoft/bl/acfa/AcfaService.proto
axxonsoft.bl.acfa,AcfaService,ListUnitsVisualizations,axxonsoft.bl.acfa.AcfaService.ListUnitsVisualizations,ListUnitsVisualizationsRequest,ListUnitsVisualizationsResponse,server,read,tested-pass,,axxonsoft/bl/acfa/AcfaService.proto
axxonsoft.bl.acfa,AcfaService,ListUnitsEvents,axxonsoft.bl.acfa.AcfaService.ListUnitsEvents,ListUnitsEventsRequest,ListUnitsEventsResponse,server,read,tested-pass,,axxonsoft/bl/acfa/AcfaService.proto
axxonsoft.bl.acfa,AcfaService,ListUnitsStates,axxonsoft.bl.acfa.AcfaService.ListUnitsStates,ListUnitsStatesRequest,ListUnitsStatesResponse,server,read,tested-pass,,axxonsoft/bl/acfa/AcfaService.proto
axxonsoft.bl.acfa,AcfaService,ListUnitTypes,axxonsoft.bl.acfa.AcfaService.ListUnitTypes,ListUnitTypesRequest,ListUnitTypesResponse,none,read,tested-pass,,axxonsoft/bl/acfa/AcfaService.proto
axxonsoft.bl.acfa,AcfaService,PerformAction,axxonsoft.bl.acfa.AcfaService.PerformAction,PerformActionRequest,PerformActionResponse,none,mutating,pending,,axxonsoft/bl/acfa/AcfaService.proto
axxonsoft.bl.acfa,AcfaService,DownloadData,axxonsoft.bl.acfa.AcfaService.DownloadData,DownloadDataRequest,DownloadDataResponse,server,read,pending,,axxonsoft/bl/acfa/AcfaService.proto
axxonsoft.bl.archive,ArchiveService,GetArchiveTraits,axxonsoft.bl.archive.ArchiveService.GetArchiveTraits,GetArchiveTraitsRequest,GetArchiveTraitsResponse,none,read,tested-pass,GET /v1/archive/traits,axxonsoft/bl/archive/ArchiveSupport.proto
axxonsoft.bl.archive,ArchiveService,ChangeBookmarks,axxonsoft.bl.archive.ArchiveService.ChangeBookmarks,ChangeBookmarksRequest,ChangeBookmarksResponse,none,mutating,pending,POST /v1/archive/action:makeUserComment,axxonsoft/bl/archive/ArchiveSupport.proto
axxonsoft.bl.archive,ArchiveService,GetRecordingInfo,axxonsoft.bl.archive.ArchiveService.GetRecordingInfo,RecInfoRequest,RecInfoResponse,none,read,tested-pass,GET /v1/archive/recordingInfo,axxonsoft/bl/archive/ArchiveSupport.proto
axxonsoft.bl.archive,ArchiveService,CreateReaderEndpoint,axxonsoft.bl.archive.ArchiveService.CreateReaderEndpoint,CreateReaderEndpointRequest,CreateReaderEndpointResponse,none,mutating,pending,POST /v1/archive/action:createEndpoint,axxonsoft/bl/archive/ArchiveSupport.proto
axxonsoft.bl.archive,ArchiveService,GetHistory,axxonsoft.bl.archive.ArchiveService.GetHistory,GetHistoryRequest,GetHistoryResponse,none,read,tested-pass,GET /v1/archive/history,axxonsoft/bl/archive/ArchiveSupport.proto
axxonsoft.bl.archive,ArchiveService,GetHistory2,axxonsoft.bl.archive.ArchiveService.GetHistory2,GetHistory2Request,GetHistory2Response,none,read,tested-pass,GET /v1/archive/history2,axxonsoft/bl/archive/ArchiveSupport.proto
axxonsoft.bl.archive,ArchiveService,GetHistoryStream,axxonsoft.bl.archive.ArchiveService.GetHistoryStream,GetHistory2Request,GetHistoryResponse,server,read,tested-pass,GET /v1/archive/historyStream,axxonsoft/bl/archive/ArchiveSupport.proto
axxonsoft.bl.archive,ArchiveService,GetCalendar,axxonsoft.bl.archive.ArchiveService.GetCalendar,GetCalendarRequest,GetCalendarResponse,none,read,tested-pass,GET /v1/archive/calendar,axxonsoft/bl/archive/ArchiveSupport.proto
axxonsoft.bl.archive,ArchiveService,GetSize,axxonsoft.bl.archive.ArchiveService.GetSize,GetSizeRequest,GetSizeResponse,none,read,tested-pass,GET /v1/archive/size,axxonsoft/bl/archive/ArchiveSupport.proto
axxonsoft.bl.archive,ArchiveService,Seek,axxonsoft.bl.archive.ArchiveService.Seek,SeekRequest,SeekResponse,none,mutating,pending,POST /v1/archive/action:seek,axxonsoft/bl/archive/ArchiveSupport.proto
axxonsoft.bl.archive,ArchiveService,Resize,axxonsoft.bl.archive.ArchiveService.Resize,ResizeRequest,ResizeResponse,none,mutating,pending,POST /v1/archive/action:resize,axxonsoft/bl/archive/ArchiveSupport.proto
axxonsoft.bl.archive,ArchiveService,ClearInterval,axxonsoft.bl.archive.ArchiveService.ClearInterval,ClearIntervalRequest,ClearIntervalResponse,none,mutating,pending,POST /v1/archive/action:clearInterval,axxonsoft/bl/archive/ArchiveSupport.proto
axxonsoft.bl.archive,ArchiveService,GetVolumesState,axxonsoft.bl.archive.ArchiveService.GetVolumesState,GetVolumesStateRequest,GetVolumesStateResponse,none,read,tested-pass,GET /v1/archive/volumes/state,axxonsoft/bl/archive/ArchiveSupport.proto
axxonsoft.bl.archive,ArchiveService,FormatVolumes,axxonsoft.bl.archive.ArchiveService.FormatVolumes,FormatVolumesRequest,FormatVolumesResponse,none,mutating,tested-pass-safe-record,POST /v1/archive/volumes/format,axxonsoft/bl/archive/ArchiveSupport.proto
axxonsoft.bl.archive,ArchiveService,GetDiskSpace,axxonsoft.bl.archive.ArchiveService.GetDiskSpace,GetDiskSpaceRequest,GetDiskSpaceResponse,none,read,tested-pass,GET /v1/archive/volumes/diskSpace,axxonsoft/bl/archive/ArchiveSupport.proto
axxonsoft.bl.archive,ArchiveService,Reindex,axxonsoft.bl.archive.ArchiveService.Reindex,ReindexRequest,ReindexResponse,none,mutating,tested-pass-safe-record,GET /v1/archive/volumes/reindex,axxonsoft/bl/archive/ArchiveSupport.proto
axxonsoft.bl.archive,ArchiveService,CancelReindex,axxonsoft.bl.archive.ArchiveService.CancelReindex,CancelReindexRequest,CancelReindexResponse,none,mutating,tested-pass-safe-record,GET /v1/archive/volumes/cancel_reindex,axxonsoft/bl/archive/ArchiveSupport.proto
axxonsoft.bl.archive,ArchiveVolumeService,ProbeVolume,axxonsoft.bl.archive.ArchiveVolumeService.ProbeVolume,ProbeVolumeRequest,ProbeVolumeResponse,none,review,pending,POST /v1/archive/volumes:probe,axxonsoft/bl/archive/ArchiveVolumeService.proto
axxonsoft.bl.archive,BackupSourceService,BundleBackup,axxonsoft.bl.archive.BackupSourceService.BundleBackup,BundleBackupRequest,BundleBackupResponse,server,review,pending,,axxonsoft/bl/archive/BackupSource.proto
axxonsoft.bl.archive,BackupSourceService,MakeBackup,axxonsoft.bl.archive.BackupSourceService.MakeBackup,MakeBackupRequest,MakeBackupResponse,none,review,pending,,axxonsoft/bl/archive/BackupSource.proto
axxonsoft.bl.archive,BackupSourceService,CancelBackup,axxonsoft.bl.archive.BackupSourceService.CancelBackup,CancelBackupRequest,CancelBackupResponse,none,mutating,pending,,axxonsoft/bl/archive/BackupSource.proto
axxonsoft.bl.archive,BackupSourceService,IsBackupInProgress,axxonsoft.bl.archive.BackupSourceService.IsBackupInProgress,IsBackupInProgressRequest,IsBackupInProgressResponse,none,read,tested-warn-fixture-needed,,axxonsoft/bl/archive/BackupSource.proto
axxonsoft.bl.archive,BackupSourceService,GetRestProgress,axxonsoft.bl.archive.BackupSourceService.GetRestProgress,GetRestProgressRequest,GetRestProgressResponse,none,read,tested-warn-fixture-needed,,axxonsoft/bl/archive/BackupSource.proto
axxonsoft.bl.audit,AuditEventInjector,InjectClientAppOptionEvent,axxonsoft.bl.audit.AuditEventInjector.InjectClientAppOptionEvent,InjectClientAppOptionEventRequest,AuditClientResponse,none,mutating,pending,POST /v1/audit/injectClientAppOptionEvent,axxonsoft/bl/audit/Audit.proto
axxonsoft.bl.audit,AuditEventInjector,InjectArchiveViewingEvent,axxonsoft.bl.audit.AuditEventInjector.InjectArchiveViewingEvent,InjectArchiveViewingEventRequest,AuditClientResponse,none,mutating,pending,POST /v1/audit/injectArchiveViewingEvent,axxonsoft/bl/audit/Audit.proto
axxonsoft.bl.audit,AuditEventInjector,InjectCameraViewingEvent,axxonsoft.bl.audit.AuditEventInjector.InjectCameraViewingEvent,InjectCameraViewingEventRequest,AuditClientResponse,none,mutating,pending,POST /v1/audit/injectCameraViewingEvent,axxonsoft/bl/audit/Audit.proto
axxonsoft.bl.audit,AuditEventInjector,InjectNgpJournalExportEvent,axxonsoft.bl.audit.AuditEventInjector.InjectNgpJournalExportEvent,InjectNgpJournalExportEventRequest,AuditClientResponse,none,mutating,pending,POST /v1/audit/injectNgpJournalExportEvent,axxonsoft/bl/audit/Audit.proto
axxonsoft.bl.audit,AuditEventInjector,InjectPtzControlEvent,axxonsoft.bl.audit.AuditEventInjector.InjectPtzControlEvent,InjectPtzControlEventRequest,AuditClientResponse,none,mutating,pending,POST /v1/audit/injectPtzControlEvent,axxonsoft/bl/audit/Audit.proto
axxonsoft.bl.audit,AuditEventInjector,InjectMMExportEvent,axxonsoft.bl.audit.AuditEventInjector.InjectMMExportEvent,InjectMMExportEventRequest,AuditClientResponse,none,mutating,pending,POST /v1/audit/injectMMExportEvent,axxonsoft/bl/audit/Audit.proto
axxonsoft.bl.audit,AuditEventInjector,InjectLdapSetupEvent,axxonsoft.bl.audit.AuditEventInjector.InjectLdapSetupEvent,InjectLdapSetupEventRequest,AuditClientResponse,none,mutating,pending,POST /v1/audit/injectLdapSetupEvent,axxonsoft/bl/audit/Audit.proto
axxonsoft.bl.auth,AuthenticationService,Authenticate,axxonsoft.bl.auth.AuthenticationService.Authenticate,AuthenticateRequest,AuthenticateResponse,none,review,pending,GET /v1/authentication/authenticate,axxonsoft/bl/auth/Authentication.proto
axxonsoft.bl.auth,AuthenticationService,Authenticate2,axxonsoft.bl.auth.AuthenticationService.Authenticate2,AuthenticateRequest,AuthenticateResponse,none,mutating,pending,POST /v1/authentication/authenticate2,axxonsoft/bl/auth/Authentication.proto
axxonsoft.bl.auth,AuthenticationService,AuthenticateEx,axxonsoft.bl.auth.AuthenticationService.AuthenticateEx,AuthenticateRequest,AuthenticateResponseEx,none,review,pending,GET /v1/authentication/authenticate_ex,axxonsoft/bl/auth/Authentication.proto
axxonsoft.bl.auth,AuthenticationService,AuthenticateEx2,axxonsoft.bl.auth.AuthenticationService.AuthenticateEx2,AuthenticateRequest,AuthenticateResponseEx,none,mutating,tested-pass,POST /v1/authentication/authenticate_ex2,axxonsoft/bl/auth/Authentication.proto
axxonsoft.bl.auth,AuthenticationService,ApproveAuthentication,axxonsoft.bl.auth.AuthenticationService.ApproveAuthentication,ApproveAuthenticationRequest,ApproveAuthenticationResponse,none,mutating,pending,POST /v1/authentication:approve,axxonsoft/bl/auth/Authentication.proto
axxonsoft.bl.auth,AuthenticationService,DeclineAuthentication,axxonsoft.bl.auth.AuthenticationService.DeclineAuthentication,DeclineAuthenticationRequest,DeclineAuthenticationResponse,none,mutating,pending,POST /v1/authentication:decline,axxonsoft/bl/auth/Authentication.proto
axxonsoft.bl.auth,AuthenticationService,AuthenticateBySecondFactor,axxonsoft.bl.auth.AuthenticationService.AuthenticateBySecondFactor,AuthenticateBySecondFactorRequest,AuthenticateResponseEx,none,review,pending,,axxonsoft/bl/auth/Authentication.proto
axxonsoft.bl.auth,AuthenticationService,AuthenticateWithPublicKey,axxonsoft.bl.auth.AuthenticationService.AuthenticateWithPublicKey,AuthenticateTokenRequest,AuthenticateResponseEx,none,review,pending,,axxonsoft/bl/auth/Authentication.proto
axxonsoft.bl.auth,AuthenticationService,GetSessionInfo,axxonsoft.bl.auth.AuthenticationService.GetSessionInfo,GetSessionInfoRequest,GetSessionInfoResponse,none,read,tested-pass,,axxonsoft/bl/auth/Authentication.proto
axxonsoft.bl.auth,AuthenticationService,RenewSession,axxonsoft.bl.auth.AuthenticationService.RenewSession,RenewSessionRequest,AuthenticateResponseEx,none,mutating,pending,GET /v1/authentication/renew,axxonsoft/bl/auth/Authentication.proto
axxonsoft.bl.auth,AuthenticationService,RenewSession2,axxonsoft.bl.auth.AuthenticationService.RenewSession2,RenewSessionRequest,AuthenticateResponseEx,none,mutating,pending,GET /v1/authentication/renew2,axxonsoft/bl/auth/Authentication.proto
axxonsoft.bl.auth,AuthenticationService,CloseSession,axxonsoft.bl.auth.AuthenticationService.CloseSession,CloseSessionRequest,CloseSessionResponse,none,mutating,pending,GET /v1/authentication/close,axxonsoft/bl/auth/Authentication.proto
axxonsoft.bl.bookmarks,BookmarkService,ListBookmarks,axxonsoft.bl.bookmarks.BookmarkService.ListBookmarks,ListBookmarksRequest,ListBookmarksResponse,none,review,pending,POST /v1/bookmarks:list,axxonsoft/bl/bookmarks/BookmarkService.proto
axxonsoft.bl.bookmarks,BookmarkService,GetBookmark,axxonsoft.bl.bookmarks.BookmarkService.GetBookmark,GetBookmarkRequest,GetBookmarkResponse,none,review,pending,POST /v1/bookmarks:get,axxonsoft/bl/bookmarks/BookmarkService.proto
axxonsoft.bl.bookmarks,BookmarkService,CreateBookmark,axxonsoft.bl.bookmarks.BookmarkService.CreateBookmark,CreateBookmarkRequest,CreateBookmarkResponse,none,mutating,pending,POST /v1/bookmarks:create,axxonsoft/bl/bookmarks/BookmarkService.proto
axxonsoft.bl.bookmarks,BookmarkService,UpdateBookmark,axxonsoft.bl.bookmarks.BookmarkService.UpdateBookmark,UpdateBookmarkRequest,UpdateBookmarkResponse,none,mutating,pending,POST /v1/bookmarks:update,axxonsoft/bl/bookmarks/BookmarkService.proto
axxonsoft.bl.bookmarks,BookmarkService,DeleteBookmark,axxonsoft.bl.bookmarks.BookmarkService.DeleteBookmark,DeleteBookmarkRequest,DeleteBookmarkResponse,none,mutating,pending,POST /v1/bookmarks:delete,axxonsoft/bl/bookmarks/BookmarkService.proto
axxonsoft.bl.bookmarks,BookmarkService,SetExportedTime,axxonsoft.bl.bookmarks.BookmarkService.SetExportedTime,SetExportedTimeRequest,SetExportedTimeResponse,none,mutating,pending,POST /v1/bookmarks:setExportedTime,axxonsoft/bl/bookmarks/BookmarkService.proto
axxonsoft.bl.bookmarks,BookmarkService,RenderTrack,axxonsoft.bl.bookmarks.BookmarkService.RenderTrack,RenderTrackRequest,RenderTrackResponse,none,mutating,pending,POST /v1/bookmarks:renderTrack,axxonsoft/bl/bookmarks/BookmarkService.proto
axxonsoft.bl.cloud,CloudService,GetBindingConfiguration,axxonsoft.bl.cloud.CloudService.GetBindingConfiguration,GetBindingConfigurationRequest,GetBindingConfigurationResponse,none,read,tested-warn-fixture-needed,GET /v1/cloud/config,axxonsoft/bl/cloud/Cloud.proto
axxonsoft.bl.cloud,CloudService,ChangeBindingConfiguration,axxonsoft.bl.cloud.CloudService.ChangeBindingConfiguration,ChangeBindingConfigurationRequest,ChangeBindingConfigurationResponse,none,mutating,pending,POST /v1/cloud/config:change,axxonsoft/bl/cloud/Cloud.proto
axxonsoft.bl.cloud,CloudService,Bind,axxonsoft.bl.cloud.CloudService.Bind,BindRequest,BindResponse,none,mutating,pending,GET /v1/cloud/bind,axxonsoft/bl/cloud/Cloud.proto
axxonsoft.bl.cloud,CloudService,Unbind,axxonsoft.bl.cloud.CloudService.Unbind,UnbindRequest,UnbindResponse,none,mutating,pending,GET /v1/cloud/unbind,axxonsoft/bl/cloud/Cloud.proto
axxonsoft.bl.config,ConfigurationService,ListUnits,axxonsoft.bl.config.ConfigurationService.ListUnits,ListUnitsRequest,ListUnitsResponse,none,read,tested-pass,GET /v1/configurator/list,axxonsoft/bl/config/ConfigurationService.proto
axxonsoft.bl.config,ConfigurationService,ListUnitsStream,axxonsoft.bl.config.ConfigurationService.ListUnitsStream,ListUnitsStreamRequest,ListUnitsResponse,server,read,tested-pass,,axxonsoft/bl/config/ConfigurationService.proto
axxonsoft.bl.config,ConfigurationService,ListUnitsByAccessPoints,axxonsoft.bl.config.ConfigurationService.ListUnitsByAccessPoints,ListUnitsByAccessPointsRequest,ListUnitsResponse,none,read,tested-pass,GET /v1/configurator/get,axxonsoft/bl/config/ConfigurationService.proto
axxonsoft.bl.config,ConfigurationService,ListUnitsByAccessPointsStream,axxonsoft.bl.config.ConfigurationService.ListUnitsByAccessPointsStream,ListUnitsByAccessPointsStreamRequest,ListUnitsResponse,server,read,tested-pass,,axxonsoft/bl/config/ConfigurationService.proto
axxonsoft.bl.config,ConfigurationService,ChangeConfig,axxonsoft.bl.config.ConfigurationService.ChangeConfig,ChangeConfigRequest,ChangeConfigResponse,none,mutating,pending,POST /v1/configurator:change,axxonsoft/bl/config/ConfigurationService.proto
axxonsoft.bl.config,ConfigurationService,ChangeConfigStream,axxonsoft.bl.config.ConfigurationService.ChangeConfigStream,ChangeConfigRequest,ChangeConfigResponse,server,mutating,pending,,axxonsoft/bl/config/ConfigurationService.proto
axxonsoft.bl.config,ConfigurationService,ListTemplates,axxonsoft.bl.config.ConfigurationService.ListTemplates,ListTemplatesRequest,ListTemplatesResponse,none,read,tested-pass,GET /v1/configurator/templates,axxonsoft/bl/config/ConfigurationService.proto
axxonsoft.bl.config,ConfigurationService,ChangeTemplates,axxonsoft.bl.config.ConfigurationService.ChangeTemplates,ChangeTemplatesRequest,ChangeTemplatesResponse,none,mutating,tested-pass-safe-record,POST /v1/configurator/templates:change,axxonsoft/bl/config/ConfigurationService.proto
axxonsoft.bl.config,ConfigurationService,SetTemplateAssignments,axxonsoft.bl.config.ConfigurationService.SetTemplateAssignments,SetTemplateAssignmentsRequest,SetTemplateAssignmentsResponse,none,mutating,tested-pass-safe-record,POST /v1/configurator/assignments,axxonsoft/bl/config/ConfigurationService.proto
axxonsoft.bl.config,ConfigurationService,BatchGetTemplates,axxonsoft.bl.config.ConfigurationService.BatchGetTemplates,BatchGetTemplatesRequest,BatchGetTemplatesResponse,none,review,tested-pass-safe-record,POST /v1/configurator/templates:batchGet,axxonsoft/bl/config/ConfigurationService.proto
axxonsoft.bl.config,ConfigurationService,BatchGetFactories,axxonsoft.bl.config.ConfigurationService.BatchGetFactories,BatchGetFactoriesRequest,BatchGetFactoriesResponse,none,review,pending,POST /v1/configurator/factories:batchGet,axxonsoft/bl/config/ConfigurationService.proto
axxonsoft.bl.config,ConfigurationService,ListSimilarUnits,axxonsoft.bl.config.ConfigurationService.ListSimilarUnits,ListSimilarUnitsRequest,ListSimilarUnitsResponse,none,review,pending,POST /v1/configurator/units:listSimilar,axxonsoft/bl/config/ConfigurationService.proto
axxonsoft.bl.config,DevicesCatalog,ListVendors,axxonsoft.bl.config.DevicesCatalog.ListVendors,ListVendorsRequest,ListVendorsResponse,none,read,tested-pass,GET /v1/configurator/devices_catalog/vendors,axxonsoft/bl/config/DevicesCatalog.proto
axxonsoft.bl.config,DevicesCatalog,ListVendorsV2,axxonsoft.bl.config.DevicesCatalog.ListVendorsV2,ListVendorsRequest,ListVendorsResponse,server,read,tested-pass,,axxonsoft/bl/config/DevicesCatalog.proto
axxonsoft.bl.config,DevicesCatalog,ListDevices,axxonsoft.bl.config.DevicesCatalog.ListDevices,ListDevicesRequest,ListDevicesResponse,none,read,tested-pass,GET /v1/configurator/devices_catalog/devices,axxonsoft/bl/config/DevicesCatalog.proto
axxonsoft.bl.config,DevicesCatalog,ListDevicesV2,axxonsoft.bl.config.DevicesCatalog.ListDevicesV2,ListDevicesRequest,ListDevicesResponse,server,read,tested-pass,,axxonsoft/bl/config/DevicesCatalog.proto
axxonsoft.bl.config,DevicesCatalog,GetDevice,axxonsoft.bl.config.DevicesCatalog.GetDevice,GetDeviceRequest,GetDeviceResponse,none,read,tested-pass,GET /v1/configurator/devices_catalog/device,axxonsoft/bl/config/DevicesCatalog.proto
axxonsoft.bl.config,DynamicParametersService,AcquireDynamicParameters,axxonsoft.bl.config.DynamicParametersService.AcquireDynamicParameters,AcquireDynamicParametersRequest,AcquireDynamicParametersResponse,none,read,pending,GET /v1/configurator/dynamic-parameters:acquire,axxonsoft/bl/config/DynamicParametersService.proto
axxonsoft.bl.config,DynamicParametersService,AcquireDeviceAdditionalData,axxonsoft.bl.config.DynamicParametersService.AcquireDeviceAdditionalData,AcquireDeviceAdditionalDataRequest,AcquireDeviceAdditionalDataResponse,none,read,pending,GET /v1/configurator/device-additional-data:acquire,axxonsoft/bl/config/DynamicParametersService.proto
axxonsoft.bl.config,FileSystemBrowser,ListDirectory,axxonsoft.bl.config.FileSystemBrowser.ListDirectory,ListDirectoryRequest,ListDirectoryResponse,none,read,tested-pass,GET /v1/fs/list,axxonsoft/bl/config/FileSystemBrowser.proto
axxonsoft.bl.config,FileSystemBrowser,GetFileInfo,axxonsoft.bl.config.FileSystemBrowser.GetFileInfo,GetFileInfoRequest,GetFileInfoResponse,none,read,tested-pass,GET /v1/fs/file,axxonsoft/bl/config/FileSystemBrowser.proto
axxonsoft.bl.config,FileSystemBrowser,GetSpace,axxonsoft.bl.config.FileSystemBrowser.GetSpace,GetSpaceRequest,GetSpaceResponse,none,read,tested-pass,GET /v1/fs/space,axxonsoft/bl/config/FileSystemBrowser.proto
axxonsoft.bl.config,ServerSettings,GetLogLevel,axxonsoft.bl.config.ServerSettings.GetLogLevel,GetLogLevelRequest,GetLogLevelResponse,none,read,tested-pass,,axxonsoft/bl/config/ServerSettings.proto
axxonsoft.bl.config,ServerSettings,SetLogLevel,axxonsoft.bl.config.ServerSettings.SetLogLevel,SetLogLevelRequest,SetLogLevelResponse,none,mutating,pending,,axxonsoft/bl/config/ServerSettings.proto
axxonsoft.bl.config,ServerSettings,DropLogs,axxonsoft.bl.config.ServerSettings.DropLogs,DropLogsRequest,DropLogsResponse,none,mutating,pending,,axxonsoft/bl/config/ServerSettings.proto
axxonsoft.bl.config,SharedKVStorageService,ListRecords,axxonsoft.bl.config.SharedKVStorageService.ListRecords,ListRecordsRequest,ListRecordsResponse,none,read,tested-pass,,axxonsoft/bl/config/SharedKeyValueStorage.proto
axxonsoft.bl.config,SharedKVStorageService,BatchGetRecords,axxonsoft.bl.config.SharedKVStorageService.BatchGetRecords,BatchGetRecordsRequest,BatchGetRecordsResponse,none,read,tested-pass,,axxonsoft/bl/config/SharedKeyValueStorage.proto
axxonsoft.bl.config,SharedKVStorageService,Commit,axxonsoft.bl.config.SharedKVStorageService.Commit,SharedKVCommitRequest,SharedKVCommitResponse,none,review,tested-pass-safe-record,,axxonsoft/bl/config/SharedKeyValueStorage.proto
axxonsoft.bl.config,SharedKVStorageService,GetRecordsStream,axxonsoft.bl.config.SharedKVStorageService.GetRecordsStream,GetRecordsStreamRequest,GetRecordsStreamResponse,server,read,tested-pass,,axxonsoft/bl/config/SharedKeyValueStorage.proto
axxonsoft.bl.detectors,ExternalDetectorService,RaiseOccasionalEvent,axxonsoft.bl.detectors.ExternalDetectorService.RaiseOccasionalEvent,RaiseOccasionalEventRequest,RaiseOccasionalEventResponse,none,mutating,pending,POST /v1/detectors/external:raiseOccasionalEvent,axxonsoft/bl/detectors/ExternalDetectorService.proto
axxonsoft.bl.detectors,ExternalDetectorService,RaisePeriodicalEvent,axxonsoft.bl.detectors.ExternalDetectorService.RaisePeriodicalEvent,RaisePeriodicalEventRequest,RaisePeriodicalEventResponse,none,mutating,pending,POST /v1/detectors/external:raisePeriodicalEvent,axxonsoft/bl/detectors/ExternalDetectorService.proto
axxonsoft.bl.discovery,DiscoveryService,Discover,axxonsoft.bl.discovery.DiscoveryService.Discover,google.protobuf.Empty,google.protobuf.Empty,none,review,pending,,axxonsoft/bl/discovery/Discovery.proto
axxonsoft.bl.discovery,DiscoveryService,DiscoverNode,axxonsoft.bl.discovery.DiscoveryService.DiscoverNode,DiscoveryRequest,google.protobuf.Empty,none,review,pending,,axxonsoft/bl/discovery/Discovery.proto
axxonsoft.bl.discovery,DiscoveryService,GetDiscoveryProgress,axxonsoft.bl.discovery.DiscoveryService.GetDiscoveryProgress,google.protobuf.Empty,GetDiscoveryProgressResponse,server,read,tested-pass,,axxonsoft/bl/discovery/Discovery.proto
axxonsoft.bl.discovery,DiscoveryService,GetNodeDiscoveryProgress,axxonsoft.bl.discovery.DiscoveryService.GetNodeDiscoveryProgress,DiscoveryRequest,GetDiscoveryProgressResponse,server,read,tested-pass,,axxonsoft/bl/discovery/Discovery.proto
axxonsoft.bl.discovery,DiscoveryService,Probe,axxonsoft.bl.discovery.DiscoveryService.Probe,ProbeRequest,ProbeResponse,none,read,tested-warn-fixture-needed,,axxonsoft/bl/discovery/Discovery.proto
axxonsoft.bl.domain,DomainService,GetVersion,axxonsoft.bl.domain.DomainService.GetVersion,GetVersionRequest,GetVersionResponse,none,read,tested-pass,,axxonsoft/bl/domain/Domain.proto
axxonsoft.bl.domain,DomainService,GetHostPlatformInfo,axxonsoft.bl.domain.DomainService.GetHostPlatformInfo,GetHostPlatformInfoRequest,GetHostPlatformInfoResponse,none,read,tested-pass,,axxonsoft/bl/domain/Domain.proto
axxonsoft.bl.domain,DomainService,GetHostTimeZone,axxonsoft.bl.domain.DomainService.GetHostTimeZone,GetHostTimeZoneRequest,GetHostTimeZoneResponse,none,read,tested-pass,,axxonsoft/bl/domain/Domain.proto
axxonsoft.bl.domain,DomainService,ListCameras,axxonsoft.bl.domain.DomainService.ListCameras,ListCamerasRequest,ListCamerasResponse,server,read,tested-pass,GET /v1/domain/cameras,axxonsoft/bl/domain/Domain.proto
axxonsoft.bl.domain,DomainService,BatchGetCameras,axxonsoft.bl.domain.DomainService.BatchGetCameras,BatchGetCamerasRequest,BatchGetCamerasResponse,server,review,tested-pass,POST /v1/domain/cameras:batchGet,axxonsoft/bl/domain/Domain.proto
axxonsoft.bl.domain,DomainService,GetCamerasByComponents,axxonsoft.bl.domain.DomainService.GetCamerasByComponents,GetCamerasByComponentsRequest,GetCamerasByComponentsResponse,server,review,pending,POST /v1/domain/cameras:getByComponents,axxonsoft/bl/domain/Domain.proto
axxonsoft.bl.domain,DomainService,ListArchives,axxonsoft.bl.domain.DomainService.ListArchives,ListArchivesRequest,ListArchivesResponse,server,read,tested-pass,GET /v1/domain/archives,axxonsoft/bl/domain/Domain.proto
axxonsoft.bl.domain,DomainService,BatchGetArchives,axxonsoft.bl.domain.DomainService.BatchGetArchives,BatchGetArchivesRequest,BatchGetArchivesResponse,server,review,pending,POST /v1/domain/archives:batchGet,axxonsoft/bl/domain/Domain.proto
axxonsoft.bl.domain,DomainService,ListControlPanels,axxonsoft.bl.domain.DomainService.ListControlPanels,ListControlPanelsRequest,ListControlPanelsResponse,server,read,tested-pass,,axxonsoft/bl/domain/Domain.proto
axxonsoft.bl.domain,DomainService,BatchGetControlPanels,axxonsoft.bl.domain.DomainService.BatchGetControlPanels,BatchGetControlPanelsRequest,BatchGetControlPanelsResponse,server,read,tested-pass,,axxonsoft/bl/domain/Domain.proto
axxonsoft.bl.domain,DomainService,ListCommonDevices,axxonsoft.bl.domain.DomainService.ListCommonDevices,ListCommonDevicesRequest,ListCommonDevicesResponse,server,read,tested-pass,,axxonsoft/bl/domain/Domain.proto
axxonsoft.bl.domain,DomainService,BatchGetCommonDevices,axxonsoft.bl.domain.DomainService.BatchGetCommonDevices,BatchGetCommonDevicesRequest,BatchGetCommonDevicesResponse,server,read,tested-pass,,axxonsoft/bl/domain/Domain.proto
axxonsoft.bl.domain,DomainService,ListComponents,axxonsoft.bl.domain.DomainService.ListComponents,ListComponentsRequest,ListComponentsResponse,server,read,tested-pass,,axxonsoft/bl/domain/Domain.proto
axxonsoft.bl.domain,DomainService,ListGlobalTrackers,axxonsoft.bl.domain.DomainService.ListGlobalTrackers,ListGlobalTrackersRequest,ListGlobalTrackersResponse,server,read,tested-pass,,axxonsoft/bl/domain/Domain.proto
axxonsoft.bl.domain,DomainService,ListGlobalTrackerCameras,axxonsoft.bl.domain.DomainService.ListGlobalTrackerCameras,ListGlobalTrackerCamerasRequest,ListGlobalTrackerCamerasResponse,server,read,tested-pass,,axxonsoft/bl/domain/Domain.proto
axxonsoft.bl.domain,DomainService,ListAcfaComponents,axxonsoft.bl.domain.DomainService.ListAcfaComponents,ListAcfaComponentsRequest,ListAcfaComponentsResponse,server,read,tested-pass,,axxonsoft/bl/domain/Domain.proto
axxonsoft.bl.domain,DomainService,ListAcfaComponents2,axxonsoft.bl.domain.DomainService.ListAcfaComponents2,ListAcfaComponentsRequest,ListAcfaComponentsResponse,server,read,tested-pass,,axxonsoft/bl/domain/Domain.proto
axxonsoft.bl.domain,DomainService,ListPluginComponents,axxonsoft.bl.domain.DomainService.ListPluginComponents,ListPluginComponentsRequest,ListPluginComponentsResponse,server,read,tested-pass,,axxonsoft/bl/domain/Domain.proto
axxonsoft.bl.domain,DomainService,BatchGetAcfaComponents,axxonsoft.bl.domain.DomainService.BatchGetAcfaComponents,BatchGetAcfaComponentsRequest,BatchGetAcfaComponentsResponse,server,read,tested-pass,,axxonsoft/bl/domain/Domain.proto
axxonsoft.bl.domain,DomainService,ListNodes,axxonsoft.bl.domain.DomainService.ListNodes,ListNodesRequest,ListNodesResponse,none,read,tested-pass,GET /v1/domain/nodes,axxonsoft/bl/domain/Domain.proto
axxonsoft.bl.domain,DomainService,SearchMaps,axxonsoft.bl.domain.DomainService.SearchMaps,SearchMapsRequest,SearchMapsResponse,server,review,pending,POST /v1/domain/maps:search,axxonsoft/bl/domain/Domain.proto
axxonsoft.bl.domain,DomainManager,EnumerateNodes,axxonsoft.bl.domain.DomainManager.EnumerateNodes,EnumerateNodesRequest,EnumerateNodesResponse,none,read,tested-pass,GET /v1/domain/nodes:enumerate,axxonsoft/bl/domain/DomainManager.proto
axxonsoft.bl.domain,DomainManager,AddNode,axxonsoft.bl.domain.DomainManager.AddNode,AddNodeRequest,AddNodeResponse,none,mutating,pending,POST /v1/domain/nodes:add,axxonsoft/bl/domain/DomainManager.proto
axxonsoft.bl.domain,DomainManager,DropNode,axxonsoft.bl.domain.DomainManager.DropNode,DropNodeRequest,DropNodeResponse,none,mutating,pending,POST /v1/domain/nodes:drop,axxonsoft/bl/domain/DomainManager.proto
axxonsoft.bl.domain,DomainManager,ProclaimDomain,axxonsoft.bl.domain.DomainManager.ProclaimDomain,ProclaimDomainRequest,ProclaimDomainResponse,none,mutating,pending,POST /v1/domain:proclaim,axxonsoft/bl/domain/DomainManager.proto
axxonsoft.bl.domain,TextEventSupportService,GetTextEvent,axxonsoft.bl.domain.TextEventSupportService.GetTextEvent,GetTextEventRequest,GetTextEventResponse,none,read,tested-warn-fixture-needed,GET /v1/domain/textEvent,axxonsoft/bl/domain/TextEventSourceSupport.proto
axxonsoft.bl.events,EventHistoryService,ReadEvents,axxonsoft.bl.events.EventHistoryService.ReadEvents,ReadEventsRequest,ReadEventsResponse,server,read,tested-pass,,axxonsoft/bl/events/EventHistory.proto
axxonsoft.bl.events,EventHistoryService,ReadCount,axxonsoft.bl.events.EventHistoryService.ReadCount,ReadCountRequest,ReadCountResponse,server,read,tested-pass,,axxonsoft/bl/events/EventHistory.proto
axxonsoft.bl.events,EventHistoryService,ReadTextEvents,axxonsoft.bl.events.EventHistoryService.ReadTextEvents,ReadTextEventsRequest,ReadTextEventsResponse,server,read,tested-pass,,axxonsoft/bl/events/EventHistory.proto
axxonsoft.bl.events,EventHistoryService,ReadTextCount,axxonsoft.bl.events.EventHistoryService.ReadTextCount,ReadTextCountRequest,ReadTextCountResponse,server,read,tested-pass,,axxonsoft/bl/events/EventHistory.proto
axxonsoft.bl.events,EventHistoryService,ReadAlerts,axxonsoft.bl.events.EventHistoryService.ReadAlerts,ReadAlertsRequest,ReadAlertsResponse,server,read,tested-pass,,axxonsoft/bl/events/EventHistory.proto
axxonsoft.bl.events,EventHistoryService,ReadLprEvents,axxonsoft.bl.events.EventHistoryService.ReadLprEvents,ReadLprEventsRequest,ReadLprEventsResponse,server,read,tested-pass-empty,,axxonsoft/bl/events/EventHistory.proto
axxonsoft.bl.events,EventHistoryService,ReadBookmarks,axxonsoft.bl.events.EventHistoryService.ReadBookmarks,ReadBookmarksRequest,ReadBookmarksResponse,server,read,tested-pass,,axxonsoft/bl/events/EventHistory.proto
axxonsoft.bl.events,EventHistoryService,FindByPrompt,axxonsoft.bl.events.EventHistoryService.FindByPrompt,FindByPromptRequest,FindByPromptResponse,server,read,tested-pass,,axxonsoft/bl/events/EventHistory.proto
axxonsoft.bl.events,EventHistoryService,FindContacts,axxonsoft.bl.events.EventHistoryService.FindContacts,FindContactsRequest,FindContactsResponse,server,read,tested-pass,,axxonsoft/bl/events/EventHistory.proto
axxonsoft.bl.events,EventHistoryService,FindSimilarObjects,axxonsoft.bl.events.EventHistoryService.FindSimilarObjects,FindSimilarObjectsRequest,FindSimilarObjectsResponse,server,read,tested-pass,,axxonsoft/bl/events/EventHistory.proto
axxonsoft.bl.events,EventHistoryService,FindSimilarObjects2,axxonsoft.bl.events.EventHistoryService.FindSimilarObjects2,FindSimilarObjectsRequest,FindSimilarObjectsResponse,server,read,tested-pass,,axxonsoft/bl/events/EventHistory.proto
axxonsoft.bl.events,EventHistoryService,FindStrangers,axxonsoft.bl.events.EventHistoryService.FindStrangers,FindStrangersRequest,FindStrangersResponse,server,read,tested-pass,,axxonsoft/bl/events/EventHistory.proto
axxonsoft.bl.events,EventHistoryService,FindStrangersByObjects,axxonsoft.bl.events.EventHistoryService.FindStrangersByObjects,FindStrangersByObjectsRequest,FindStrangersByObjectsResponse,server,read,tested-pass,,axxonsoft/bl/events/EventHistory.proto
axxonsoft.bl.events,DomainNotifier,PullEvents,axxonsoft.bl.events.DomainNotifier.PullEvents,PullEventsRequest,Events,server,mutating,pending,POST /v1/notifier/subscriptions,axxonsoft/bl/events/Notification.proto
axxonsoft.bl.events,DomainNotifier,PullDetailedEvents,axxonsoft.bl.events.DomainNotifier.PullDetailedEvents,PullEventsRequest,Events,server,mutating,pending,POST /v1/notifier/subscriptions:pull,axxonsoft/bl/events/Notification.proto
axxonsoft.bl.events,DomainNotifier,UpdateSubscription,axxonsoft.bl.events.DomainNotifier.UpdateSubscription,UpdateSubscriptionRequest,UpdateSubscriptionResponse,none,mutating,pending,POST /v1/notifier/subscriptions:update,axxonsoft/bl/events/Notification.proto
axxonsoft.bl.events,DomainNotifier,DisconnectEventChannel,axxonsoft.bl.events.DomainNotifier.DisconnectEventChannel,DisconnectEventChannelRequest,DisconnectEventChannelResponse,none,mutating,pending,POST /v1/notifier/subscriptions:disconnect,axxonsoft/bl/events/Notification.proto
axxonsoft.bl.events,DomainNotifier,PushDiagnosticEvents,axxonsoft.bl.events.DomainNotifier.PushDiagnosticEvents,PushDiagnosticEventsRequest,PushDiagnosticEventsResponse,none,review,pending,,axxonsoft/bl/events/Notification.proto
axxonsoft.bl.events,NodeNotifier,PullEvents,axxonsoft.bl.events.NodeNotifier.PullEvents,PullEventsRequest,Events,server,mutating,pending,POST /v1/node-notifier/subscriptions,axxonsoft/bl/events/Notification.proto
axxonsoft.bl.events,NodeNotifier,PullDetailedEvents,axxonsoft.bl.events.NodeNotifier.PullDetailedEvents,PullEventsRequest,Events,server,mutating,pending,POST /v1/node-notifier/subscriptions:pull,axxonsoft/bl/events/Notification.proto
axxonsoft.bl.events,NodeNotifier,UpdateSubscription,axxonsoft.bl.events.NodeNotifier.UpdateSubscription,UpdateSubscriptionRequest,UpdateSubscriptionResponse,none,mutating,pending,POST /v1/node-notifier/subscriptions:update,axxonsoft/bl/events/Notification.proto
axxonsoft.bl.events,NodeNotifier,DisconnectEventChannel,axxonsoft.bl.events.NodeNotifier.DisconnectEventChannel,DisconnectEventChannelRequest,DisconnectEventChannelResponse,none,mutating,pending,POST /v1/node-notifier/subscriptions:disconnect,axxonsoft/bl/events/Notification.proto
axxonsoft.bl.events,NodeNotifier,PushDiagnosticEvents,axxonsoft.bl.events.NodeNotifier.PushDiagnosticEvents,PushDiagnosticEventsRequest,PushDiagnosticEventsResponse,none,review,pending,,axxonsoft/bl/events/Notification.proto
axxonsoft.bl.events,NodeNotifier,Ping,axxonsoft.bl.events.NodeNotifier.Ping,PingRequest,PingResponse,server,review,pending,,axxonsoft/bl/events/Notification.proto
axxonsoft.bl.globaltracker,GlobalTrackerService,ChangeGlobalTrackerProfiles,axxonsoft.bl.globaltracker.GlobalTrackerService.ChangeGlobalTrackerProfiles,ChangeGlobalTrackerProfilesRequest,ChangeGlobalTrackerProfilesResponse,none,mutating,pending,,axxonsoft/bl/globalTracker/GlobalTracker.proto
axxonsoft.bl.globaltracker,GlobalTrackerService,ChangeProfiles,axxonsoft.bl.globaltracker.GlobalTrackerService.ChangeProfiles,ChangeProfilesRequest,ChangeProfilesResponse,bidi,mutating,pending,,axxonsoft/bl/globalTracker/GlobalTracker.proto
axxonsoft.bl.globaltracker,GlobalTrackerService,GetGlobalTrackerProfiles,axxonsoft.bl.globaltracker.GlobalTrackerService.GetGlobalTrackerProfiles,GetGlobalTrackerProfilesRequest,GetGlobalTrackerProfilesResponse,server,read,tested-warn-fixture-needed,,axxonsoft/bl/globalTracker/GlobalTracker.proto
axxonsoft.bl.globaltracker,GlobalTrackerService,GetProfile,axxonsoft.bl.globaltracker.GlobalTrackerService.GetProfile,GetProfileRequest,GetProfileResponse,server,read,tested-pass,,axxonsoft/bl/globalTracker/GlobalTracker.proto
axxonsoft.bl.globaltracker,GlobalTrackerService,ClearProfiles,axxonsoft.bl.globaltracker.GlobalTrackerService.ClearProfiles,ClearProfilesRequest,ClearProfilesResponse,none,mutating,pending,,axxonsoft/bl/globalTracker/GlobalTracker.proto
axxonsoft.bl.globaltracker,GlobalTrackerService,BindGlobalTrackProfile,axxonsoft.bl.globaltracker.GlobalTrackerService.BindGlobalTrackProfile,BindGlobalTrackProfileRequest,BindGlobalTrackProfileResponse,none,mutating,pending,,axxonsoft/bl/globalTracker/GlobalTracker.proto
axxonsoft.bl.globaltracker,GlobalTrackerService,GetGlobalTrackBestVisibilityPositions,axxonsoft.bl.globaltracker.GlobalTrackerService.GetGlobalTrackBestVisibilityPositions,GetGlobalTrackBestVisibilityPositionsRequest,GetGlobalTrackBestVisibilityPositionsResponse,none,read,tested-warn-fixture-needed,,axxonsoft/bl/globalTracker/GlobalTracker.proto
axxonsoft.bl.groups,GroupManager,ListGroups,axxonsoft.bl.groups.GroupManager.ListGroups,ListGroupsRequest,ListGroupsResponse,none,read,tested-pass,GET /v1/groups/list,axxonsoft/bl/groups/GroupManager.proto
axxonsoft.bl.groups,GroupManager,BatchGetGroups,axxonsoft.bl.groups.GroupManager.BatchGetGroups,BatchGetGroupsRequest,BatchGetGroupsResponse,none,read,tested-pass,GET /v1/groups:batchGet,axxonsoft/bl/groups/GroupManager.proto
axxonsoft.bl.groups,GroupManager,ChangeGroups,axxonsoft.bl.groups.GroupManager.ChangeGroups,ChangeGroupsRequest,google.protobuf.Empty,none,mutating,pending,POST /v1/groups:change,axxonsoft/bl/groups/GroupManager.proto
axxonsoft.bl.groups,GroupManager,SetObjectsMembership,axxonsoft.bl.groups.GroupManager.SetObjectsMembership,SetObjectsMembershipRequest,SetObjectsMembershipResponse,none,mutating,pending,POST /v1/groups/membership,axxonsoft/bl/groups/GroupManager.proto
axxonsoft.bl.heatmap,HeatMapService,BuildHeatmap,axxonsoft.bl.heatmap.HeatMapService.BuildHeatmap,BuildHeatmapRequest,BuildHeatmapResponse,none,mutating,pending,POST /v1/heatmap:build,axxonsoft/bl/heatmap/HeatMap.proto
axxonsoft.bl.heatmap,HeatMapService,BuildHeatmapTyped,axxonsoft.bl.heatmap.HeatMapService.BuildHeatmapTyped,BuildHeatmapTypedRequest,BuildHeatmapResponse,none,mutating,pending,POST /v1/heatmap:buildTyped,axxonsoft/bl/heatmap/HeatMap.proto
axxonsoft.bl.heatmap,HeatMapService,BuildEventsHeatmap,axxonsoft.bl.heatmap.HeatMapService.BuildEventsHeatmap,BuildEventsHeatmapRequest,BuildEventsHeatmapResponse,none,mutating,pending,POST /v1/events-heatmap:build,axxonsoft/bl/heatmap/HeatMap.proto
axxonsoft.bl.heatmap,HeatMapService,BuildFloorHeatmap,axxonsoft.bl.heatmap.HeatMapService.BuildFloorHeatmap,BuildFloorHeatmapRequest,BuildFloorHeatmapResponse,none,mutating,pending,POST /v1/floor-heatmap:build,axxonsoft/bl/heatmap/HeatMap.proto
axxonsoft.bl.heatmap,HeatMapService,ExecuteHeatmapQuery,axxonsoft.bl.heatmap.HeatMapService.ExecuteHeatmapQuery,ExecuteHeatmapQueryRequest,ExecuteHeatmapQueryResponse,server,review,pending,,axxonsoft/bl/heatmap/HeatMap.proto
axxonsoft.bl.heatmap,HeatMapService,ExecuteHeatmapQueryTyped,axxonsoft.bl.heatmap.HeatMapService.ExecuteHeatmapQueryTyped,ExecuteHeatmapQueryTypedRequest,ExecuteHeatmapQueryResponse,server,review,pending,,axxonsoft/bl/heatmap/HeatMap.proto
axxonsoft.bl.layout,LayoutImagesManager,ListLayoutImages,axxonsoft.bl.layout.LayoutImagesManager.ListLayoutImages,ListLayoutImagesRequest,ListLayoutImagesResponse,none,read,tested-pass,,axxonsoft/bl/layout/LayoutImagesManager.proto
axxonsoft.bl.layout,LayoutImagesManager,RemoveLayoutImages,axxonsoft.bl.layout.LayoutImagesManager.RemoveLayoutImages,RemoveLayoutImagesRequest,RemoveLayoutImagesResponse,none,mutating,pending,,axxonsoft/bl/layout/LayoutImagesManager.proto
axxonsoft.bl.layout,LayoutImagesManager,UploadLayoutImage,axxonsoft.bl.layout.LayoutImagesManager.UploadLayoutImage,UploadLayoutImageRequest,UploadLayoutImageResponse,client,review,pending,,axxonsoft/bl/layout/LayoutImagesManager.proto
axxonsoft.bl.layout,LayoutImagesManager,DownloadLayoutImage,axxonsoft.bl.layout.LayoutImagesManager.DownloadLayoutImage,DownloadLayoutImageRequest,DownloadLayoutImageResponse,server,read,pending,,axxonsoft/bl/layout/LayoutImagesManager.proto
axxonsoft.bl.layout,LayoutManager,ListLayouts,axxonsoft.bl.layout.LayoutManager.ListLayouts,ListLayoutsRequest,ListLayoutsResponse,none,read,tested-pass,GET /v1/layouts,axxonsoft/bl/layout/LayoutManager.proto
axxonsoft.bl.layout,LayoutManager,BatchGetLayouts,axxonsoft.bl.layout.LayoutManager.BatchGetLayouts,BatchGetLayoutsRequest,BatchGetLayoutsResponse,none,review,pending,POST /v1/layouts:batchGet,axxonsoft/bl/layout/LayoutManager.proto
axxonsoft.bl.layout,LayoutManager,Update,axxonsoft.bl.layout.LayoutManager.Update,UpdateRequest,UpdateResponse,none,mutating,pending,POST /v1/layouts:update,axxonsoft/bl/layout/LayoutManager.proto
axxonsoft.bl.layout,LayoutManager,LayoutsOnView,axxonsoft.bl.layout.LayoutManager.LayoutsOnView,LayoutsOnViewRequest,LayoutsOnViewResponse,none,review,pending,,axxonsoft/bl/layout/LayoutManager.proto
axxonsoft.bl.layout,LayoutManager,UserDataCleanup,axxonsoft.bl.layout.LayoutManager.UserDataCleanup,UserDataCleanupRequest,UserDataCleanupResponse,none,review,pending,,axxonsoft/bl/layout/LayoutManager.proto
axxonsoft.bl.license,LicenseService,LicenseKey,axxonsoft.bl.license.LicenseService.LicenseKey,LicenseKeyRequest,LicenseKeyResponse,none,review,pending,GET /v1/license,axxonsoft/bl/license/LicenseService.proto
axxonsoft.bl.license,LicenseService,Restrictions,axxonsoft.bl.license.LicenseService.Restrictions,RestrictionsRequest,RestrictionsResponse,none,review,pending,GET /v1/license/restrictions,axxonsoft/bl/license/LicenseService.proto
axxonsoft.bl.license,LicenseService,GetGlobalRestrictions,axxonsoft.bl.license.LicenseService.GetGlobalRestrictions,GetGlobalRestrictionsRequest,GetGlobalRestrictionsResponse,none,read,tested-pass,GET /v1/license/globalRestrictions,axxonsoft/bl/license/LicenseService.proto
axxonsoft.bl.license,LicenseService,GetNodeRestrictions,axxonsoft.bl.license.LicenseService.GetNodeRestrictions,GetNodeRestrictionsRequest,GetNodeRestrictionsResponse,server,review,tested-pass,POST /v1/license/nodeRestrictions,axxonsoft/bl/license/LicenseService.proto
axxonsoft.bl.license,LicenseService,DistributeLicenseKey,axxonsoft.bl.license.LicenseService.DistributeLicenseKey,DistributeLicenseKeyRequest,DistributeLicenseKeyResponse,none,mutating,pending,POST /v1/license:distribute,axxonsoft/bl/license/LicenseService.proto
axxonsoft.bl.license,LicenseService,DropLicenseKey,axxonsoft.bl.license.LicenseService.DropLicenseKey,DropLicenseKeyRequest,DropLicenseKeyResponse,none,mutating,pending,POST /v1/license:drop,axxonsoft/bl/license/LicenseService.proto
axxonsoft.bl.license,LicenseService,IsPossibleToLaunch,axxonsoft.bl.license.LicenseService.IsPossibleToLaunch,IsPossibleToLaunchRequest,IsPossibleToLaunchResponse,none,review,tested-pass,POST /v1/license:verifyLaunchPossibility,axxonsoft/bl/license/LicenseService.proto
axxonsoft.bl.license,LicenseService,LicenseKeyInfo,axxonsoft.bl.license.LicenseService.LicenseKeyInfo,LicenseKeyInfoRequest,LicenseKeyInfoResponse,none,review,tested-pass,GET /v1/license:info,axxonsoft/bl/license/LicenseService.proto
axxonsoft.bl.license,LicenseService,GetDomainLicenseKeyInfo,axxonsoft.bl.license.LicenseService.GetDomainLicenseKeyInfo,GetDomainLicenseKeyInfoRequest,GetDomainLicenseKeyInfoResponse,none,read,tested-pass,GET /v1/license/domain,axxonsoft/bl/license/LicenseService.proto
axxonsoft.bl.license,LicenseService,CreateLicenseDocument,axxonsoft.bl.license.LicenseService.CreateLicenseDocument,CreateLicenseDocumentRequest,CreateLicenseDocumentResponse,server,mutating,pending,,axxonsoft/bl/license/LicenseService.proto
axxonsoft.bl.license,LicenseService,GetHostInfo,axxonsoft.bl.license.LicenseService.GetHostInfo,GetHostInfoRequest,GetHostInfoResponse,none,read,tested-pass,,axxonsoft/bl/license/LicenseService.proto
axxonsoft.bl.logic,EventDescription,GetEventGroupingTags,axxonsoft.bl.logic.EventDescription.GetEventGroupingTags,GetEventGroupingTagsRequest,GetEventGroupingTagsResponse,none,read,tested-pass,,axxonsoft/bl/logic/EventDescription.proto
axxonsoft.bl.logic,LogicService,ListMacros,axxonsoft.bl.logic.LogicService.ListMacros,ListMacrosRequest,ListMacrosResponse,none,read,tested-pass,GET /v1/logic_service/macros,axxonsoft/bl/logic/LogicService.proto
axxonsoft.bl.logic,LogicService,ListMacrosV2,axxonsoft.bl.logic.LogicService.ListMacrosV2,ListMacrosRequest,ListMacrosResponse,server,read,tested-pass,,axxonsoft/bl/logic/LogicService.proto
axxonsoft.bl.logic,LogicService,BatchGetMacros,axxonsoft.bl.logic.LogicService.BatchGetMacros,BatchGetMacrosRequest,BatchGetMacrosResponse,none,read,tested-pass,GET /v1/logic_service/macros:batchGet,axxonsoft/bl/logic/LogicService.proto
axxonsoft.bl.logic,LogicService,ChangeMacros,axxonsoft.bl.logic.LogicService.ChangeMacros,ChangeMacrosRequest,ChangeMacrosResponse,none,mutating,tested-pass-safe-record,POST /v1/logic_service/macros:change,axxonsoft/bl/logic/LogicService.proto
axxonsoft.bl.logic,LogicService,LaunchMacro,axxonsoft.bl.logic.LogicService.LaunchMacro,LaunchMacroRequest,LaunchMacroResponse,none,mutating,pending,POST /v1/logic_service/macros:launch,axxonsoft/bl/logic/LogicService.proto
axxonsoft.bl.logic,LogicService,ChangeArmState,axxonsoft.bl.logic.LogicService.ChangeArmState,ChangeArmStateRequest,ChangeArmStateResponse,none,mutating,pending,POST /v1/logic_service/armstate,axxonsoft/bl/logic/LogicService.proto
axxonsoft.bl.logic,LogicService,GetActiveAlerts,axxonsoft.bl.logic.LogicService.GetActiveAlerts,GetActiveAlertsRequest,GetActiveAlertsResponse,none,review,pending,POST /v1/logic_service/getactivealerts,axxonsoft/bl/logic/LogicService.proto
axxonsoft.bl.logic,LogicService,BatchGetActiveAlerts,axxonsoft.bl.logic.LogicService.BatchGetActiveAlerts,BatchGetActiveAlertsRequest,BatchGetActiveAlertsResponse,server,review,pending,POST /v1/logic_service/batchgetactivealerts,axxonsoft/bl/logic/LogicService.proto
axxonsoft.bl.logic,LogicService,BatchFilterActiveAlerts,axxonsoft.bl.logic.LogicService.BatchFilterActiveAlerts,BatchFilterActiveAlertsRequest,BatchFilterActiveAlertsResponse,server,mutating,pending,POST /v1/logic_service/batchfilteractivealerts,axxonsoft/bl/logic/LogicService.proto
axxonsoft.bl.logic,LogicService,BatchBeginAlertsReview,axxonsoft.bl.logic.LogicService.BatchBeginAlertsReview,BatchBeginAlertsReviewRequest,BatchBeginAlertsReviewResponse,server,mutating,pending,POST /v1/logic_service/batchbeginalertsreview,axxonsoft/bl/logic/LogicService.proto
axxonsoft.bl.logic,LogicService,BatchContinueAlertsRewiew,axxonsoft.bl.logic.LogicService.BatchContinueAlertsRewiew,BatchContinueAlertsRewiewRequest,BatchContinueAlertsRewiewResponse,server,mutating,pending,POST /v1/logic_service/batchcontinuealertsreview,axxonsoft/bl/logic/LogicService.proto
axxonsoft.bl.logic,LogicService,BatchCancelAlertsReview,axxonsoft.bl.logic.LogicService.BatchCancelAlertsReview,BatchCancelAlertsReviewRequest,BatchCancelAlertsReviewResponse,server,mutating,pending,POST /v1/logic_service/batchcancelalertsreview,axxonsoft/bl/logic/LogicService.proto
axxonsoft.bl.logic,LogicService,BatchCompleteAlertsReview,axxonsoft.bl.logic.LogicService.BatchCompleteAlertsReview,BatchCompleteAlertsReviewRequest,BatchCompleteAlertsReviewResponse,server,mutating,pending,POST /v1/logic_service/batchcompletealertsreview,axxonsoft/bl/logic/LogicService.proto
axxonsoft.bl.logic,LogicService,BatchEscalateAlerts,axxonsoft.bl.logic.LogicService.BatchEscalateAlerts,BatchEscalateAlertsRequest,BatchEscalateAlertsResponse,server,mutating,pending,POST /v1/logic_service/batchescalatealerts,axxonsoft/bl/logic/LogicService.proto
axxonsoft.bl.logic,LogicService,RaiseAlert,axxonsoft.bl.logic.LogicService.RaiseAlert,RaiseAlertRequest,RaiseAlertResponse,none,mutating,pending,POST /v1/logic_service/raisealert,axxonsoft/bl/logic/LogicService.proto
axxonsoft.bl.logic,LogicService,BeginAlertReview,axxonsoft.bl.logic.LogicService.BeginAlertReview,BeginAlertReviewRequest,BeginAlertReviewResponse,none,mutating,pending,POST /v1/logic_service/beginalert,axxonsoft/bl/logic/LogicService.proto
axxonsoft.bl.logic,LogicService,CancelAlertReview,axxonsoft.bl.logic.LogicService.CancelAlertReview,CancelAlertReviewRequest,CancelAlertReviewResponse,none,mutating,pending,POST /v1/logic_service/cancelalert,axxonsoft/bl/logic/LogicService.proto
axxonsoft.bl.logic,LogicService,ContinueAlertReview,axxonsoft.bl.logic.LogicService.ContinueAlertReview,ContinueAlertReviewRequest,ContinueAlertReviewResponse,none,mutating,pending,POST /v1/logic_service/continuealert,axxonsoft/bl/logic/LogicService.proto
axxonsoft.bl.logic,LogicService,CompleteAlertReview,axxonsoft.bl.logic.LogicService.CompleteAlertReview,CompleteAlertReviewRequest,CompleteAlertReviewResponse,none,mutating,pending,POST /v1/logic_service/completealert,axxonsoft/bl/logic/LogicService.proto
axxonsoft.bl.logic,LogicService,EscalateAlert,axxonsoft.bl.logic.LogicService.EscalateAlert,EscalateAlertRequest,EscalateAlertResponse,none,mutating,pending,POST /v1/logic_service/escalatealert,axxonsoft/bl/logic/LogicService.proto
axxonsoft.bl.logic,LogicService,ChangeConfig,axxonsoft.bl.logic.LogicService.ChangeConfig,ChangeConfigRequest,ChangeConfigResponse,none,mutating,pending,PUT /v1/logic_service/config,axxonsoft/bl/logic/LogicService.proto
axxonsoft.bl.logic,LogicService,GetConfig,axxonsoft.bl.logic.LogicService.GetConfig,GetConfigRequest,GetConfigResponse,none,read,tested-pass,GET /v1/logic_service/config,axxonsoft/bl/logic/LogicService.proto
axxonsoft.bl.logic,LogicService,ListCounters,axxonsoft.bl.logic.LogicService.ListCounters,ListCountersRequest,ListCountersResponse,none,read,tested-pass,GET /v1/logic_service/counters,axxonsoft/bl/logic/LogicService.proto
axxonsoft.bl.logic,LogicService,BatchGetCounters,axxonsoft.bl.logic.LogicService.BatchGetCounters,BatchGetCountersRequest,ListCountersResponse,none,read,tested-pass,GET /v1/logic_service/counters:batchGet,axxonsoft/bl/logic/LogicService.proto
axxonsoft.bl.logic,LogicService,ChangeCounters,axxonsoft.bl.logic.LogicService.ChangeCounters,ChangeCountersRequest,ChangeCountersResponse,none,mutating,pending,POST /v1/logic_service/counters:change,axxonsoft/bl/logic/LogicService.proto
axxonsoft.bl.logic,LogicService,CounterAction,axxonsoft.bl.logic.LogicService.CounterAction,CounterActionRequest,CounterActionResponse,none,mutating,pending,POST /v1/logic_service/counters:action,axxonsoft/bl/logic/LogicService.proto
axxonsoft.bl.logic,LogicService,GetCounterState,axxonsoft.bl.logic.LogicService.GetCounterState,GetCounterStateRequest,GetCounterStateResponse,none,read,tested-warn-fixture-needed,GET /v1/logic_service/counters:getState,axxonsoft/bl/logic/LogicService.proto
axxonsoft.bl.logic,LogicService,GetCounterGroupState,axxonsoft.bl.logic.LogicService.GetCounterGroupState,GetCounterGroupStateRequest,GetCounterGroupStateResponse,none,read,tested-warn-fixture-needed,GET /v1/logic_service/counters:getGroupState,axxonsoft/bl/logic/LogicService.proto
axxonsoft.bl.logic,LogicService,GetUserScripts,axxonsoft.bl.logic.LogicService.GetUserScripts,GetUserScriptsRequest,GetUserScriptsResponse,none,read,tested-pass,GET /v1/logic_service/user_scripts,axxonsoft/bl/logic/LogicService.proto
axxonsoft.bl.maintenance,ConfigurationManager,GetRevisionInfo,axxonsoft.bl.maintenance.ConfigurationManager.GetRevisionInfo,GetRevisionInfoRequest,GetRevisionInfoResponse,none,read,tested-pass,,axxonsoft/bl/maintenance/ConfigurationManager.proto
axxonsoft.bl.maintenance,ConfigurationManager,SetRevision,axxonsoft.bl.maintenance.ConfigurationManager.SetRevision,SetRevisionRequest,SetRevisionResponse,none,mutating,pending,,axxonsoft/bl/maintenance/ConfigurationManager.proto
axxonsoft.bl.maintenance,ConfigurationManager,CollectBackup,axxonsoft.bl.maintenance.ConfigurationManager.CollectBackup,CollectBackupRequest,CollectBackupResponse,server,read,pending,,axxonsoft/bl/maintenance/ConfigurationManager.proto
axxonsoft.bl.maintenance,ConfigurationManager,RestoreBackup,axxonsoft.bl.maintenance.ConfigurationManager.RestoreBackup,RestoreBackupRequest,RestoreBackupResponse,client,mutating,pending,,axxonsoft/bl/maintenance/ConfigurationManager.proto
axxonsoft.bl.maps,MapService,ListMaps,axxonsoft.bl.maps.MapService.ListMaps,ListMapsRequest,ListMapsResponse,none,read,tested-pass,GET /v1/maps/list,axxonsoft/bl/maps/MapService.proto
axxonsoft.bl.maps,MapService,BatchGetMaps,axxonsoft.bl.maps.MapService.BatchGetMaps,BatchGetMapsRequest,BatchGetMapsResponse,none,read,tested-pass,GET /v1/maps:batchGet,axxonsoft/bl/maps/MapService.proto
axxonsoft.bl.maps,MapService,ChangeMaps,axxonsoft.bl.maps.MapService.ChangeMaps,ChangeMapsRequest,ChangeMapsResponse,none,mutating,tested-pass-safe-record,POST /v1/maps:change,axxonsoft/bl/maps/MapService.proto
axxonsoft.bl.maps,MapService,GetMapImage,axxonsoft.bl.maps.MapService.GetMapImage,GetMapImageRequest,GetMapImageResponse,none,read,tested-pass-safe-record,GET /v1/maps/image,axxonsoft/bl/maps/MapService.proto
axxonsoft.bl.maps,MapService,GetMarkers,axxonsoft.bl.maps.MapService.GetMarkers,GetMarkersRequest,GetMarkersResponse,none,review,tested-pass-safe-record,POST /v1/maps/markers,axxonsoft/bl/maps/MapService.proto
axxonsoft.bl.maps,MapService,UpdateMarkers,axxonsoft.bl.maps.MapService.UpdateMarkers,UpdateMarkersRequest,UpdateMarkersResponse,none,mutating,tested-pass-safe-record,POST /v1/maps/markers:update,axxonsoft/bl/maps/MapService.proto
axxonsoft.bl.maps,MapService,GetMapsByComponent,axxonsoft.bl.maps.MapService.GetMapsByComponent,GetMapsByComponentRequest,GetMapsByComponentResponse,none,read,tested-pass,GET /v1/maps:getByComponent,axxonsoft/bl/maps/MapService.proto
axxonsoft.bl.maps,MapService,ConfigureMapProviders,axxonsoft.bl.maps.MapService.ConfigureMapProviders,ConfigureMapProvidersRequest,ConfigureMapProvidersResponse,none,mutating,pending,POST /v1/maps/providers,axxonsoft/bl/maps/MapService.proto
axxonsoft.bl.maps,MapService,ListMapProviders,axxonsoft.bl.maps.MapService.ListMapProviders,ListMapProvidersRequest,ListMapProvidersResponse,none,read,tested-pass,GET /v1/maps/providers,axxonsoft/bl/maps/MapService.proto
axxonsoft.bl.maps,MapService,GetMapProvider,axxonsoft.bl.maps.MapService.GetMapProvider,GetMapProviderRequest,GetMapProviderResponse,none,read,tested-warn-fixture-needed,GET /v1/maps/provider,axxonsoft/bl/maps/MapService.proto
axxonsoft.bl.maps,MapService,UserDataCleanup,axxonsoft.bl.maps.MapService.UserDataCleanup,UserDataCleanupRequest,UserDataCleanupResponse,none,review,pending,,axxonsoft/bl/maps/MapService.proto
axxonsoft.bl.media,MediaService,Stream,axxonsoft.bl.media.MediaService.Stream,MediaRequest,MediaSample,bidi,stream_read,pending,,axxonsoft/bl/media/MediaService.proto
axxonsoft.bl.media,MediaService,RequestConnection,axxonsoft.bl.media.MediaService.RequestConnection,RequestConnectionRequest,RequestConnectionResponse,none,review,pending,,axxonsoft/bl/media/MediaService.proto
axxonsoft.bl.media,MediaService,RequestQoS,axxonsoft.bl.media.MediaService.RequestQoS,RequestQoSRequest,RequestQoSResponse,none,review,pending,,axxonsoft/bl/media/MediaService.proto
axxonsoft.bl.media,MediaService,AwaitConnection,axxonsoft.bl.media.MediaService.AwaitConnection,AwaitConnectionRequest,AwaitConnectionResponse,bidi,stream_read,pending,,axxonsoft/bl/media/MediaService.proto
axxonsoft.bl.media,MediaService,ConnectEndpoint,axxonsoft.bl.media.MediaService.ConnectEndpoint,ConnectEndpointRequest,ConnectEndpointResponse,bidi,review,pending,,axxonsoft/bl/media/MediaService.proto
axxonsoft.bl.media,MediaService,RequestTunnel,axxonsoft.bl.media.MediaService.RequestTunnel,TunnelRequest,TunnelResponse,none,review,pending,,axxonsoft/bl/media/MediaService.proto
axxonsoft.bl.metadata,MetadataService,PullMetadata,axxonsoft.bl.metadata.MetadataService.PullMetadata,PullMetadataRequest,PullMetadataResponse,bidi,stream_read,tested-pass,,axxonsoft/bl/metadata/MetadataService.proto
axxonsoft.bl.mmexport,ExportService,ListSessions,axxonsoft.bl.mmexport.ExportService.ListSessions,ListSessionsRequest,ListSessionsResponse,server,read,tested-pass,,axxonsoft/bl/mmexport/ExportService.proto
axxonsoft.bl.mmexport,ExportService,StartSession,axxonsoft.bl.mmexport.ExportService.StartSession,StartSessionRequest,StartSessionResponse,none,mutating,tested-pass-safe-record,,axxonsoft/bl/mmexport/ExportService.proto
axxonsoft.bl.mmexport,ExportService,GetSessionState,axxonsoft.bl.mmexport.ExportService.GetSessionState,GetSessionStateRequest,GetSessionStateResponse,none,read,tested-pass,,axxonsoft/bl/mmexport/ExportService.proto
axxonsoft.bl.mmexport,ExportService,StopSession,axxonsoft.bl.mmexport.ExportService.StopSession,StopSessionRequest,StopSessionResponse,none,mutating,tested-pass-safe-record,,axxonsoft/bl/mmexport/ExportService.proto
axxonsoft.bl.mmexport,ExportService,DestroySession,axxonsoft.bl.mmexport.ExportService.DestroySession,DestroySessionRequest,DestroySessionResponse,none,review,tested-pass-safe-record,,axxonsoft/bl/mmexport/ExportService.proto
axxonsoft.bl.mmexport,ExportService,DownloadFile,axxonsoft.bl.mmexport.ExportService.DownloadFile,DownloadFileRequest,FileChunk,server,read,tested-pass,,axxonsoft/bl/mmexport/ExportService.proto
axxonsoft.bl.node.internal,NgpNodeService,ListSceneDescription,axxonsoft.bl.node.internal.NgpNodeService.ListSceneDescription,ListSceneDescriptionRequest,ListSceneDescriptionResponse,none,read,tested-pass,,axxonsoft/bl/node/Node.Ancillary.proto
axxonsoft.bl.notifications,EMailNotifier,SendEMail,axxonsoft.bl.notifications.EMailNotifier.SendEMail,SendEMailRequest,SendEMailResponse,none,mutating,pending,POST /v1/notifier/email:send,axxonsoft/bl/notifications/EMailNotifier.proto
axxonsoft.bl.notifications,EMailNotifier,GetActionState,axxonsoft.bl.notifications.EMailNotifier.GetActionState,GetActionStateRequest,GetActionStateResponse,none,read,tested-warn-fixture-needed,GET /v1/notifier/email/actionstate,axxonsoft/bl/notifications/EMailNotifier.proto
axxonsoft.bl.notifications,EMailNotifier,GetSendMode,axxonsoft.bl.notifications.EMailNotifier.GetSendMode,GetSendModeRequest,GetSendModeResponse,none,read,tested-warn-fixture-needed,GET /v1/notifier/email/sendmode,axxonsoft/bl/notifications/EMailNotifier.proto
axxonsoft.bl.notifications,GSMNotifier,SendSMS,axxonsoft.bl.notifications.GSMNotifier.SendSMS,SendSMSRequest,SendSMSResponse,none,mutating,pending,POST /v1/notifier/sms:send,axxonsoft/bl/notifications/GSMNotifier.proto
axxonsoft.bl.notifications,GSMNotifier,GetActionStateGSM,axxonsoft.bl.notifications.GSMNotifier.GetActionStateGSM,GetActionStateGSMRequest,GetActionStateGSMResponse,none,review,pending,POST /v1/notifier/sms/actionstate,axxonsoft/bl/notifications/GSMNotifier.proto
axxonsoft.bl.package,InstallationPackageProvider,CheckPackageAvailability,axxonsoft.bl.package.InstallationPackageProvider.CheckPackageAvailability,CheckPackageAvailabilityRequest,CheckPackageAvailabilityResponse,none,read,tested-pass,,axxonsoft/bl/package/InstallationPackageProvider.proto
axxonsoft.bl.package,InstallationPackageProvider,DownloadInstallerPackage,axxonsoft.bl.package.InstallationPackageProvider.DownloadInstallerPackage,DownloadInstallerPackageRequest,DownloadInstallerPackageResponse,server,read,pending,,axxonsoft/bl/package/InstallationPackageProvider.proto
axxonsoft.bl.ptz,TagAndTrackService,ListTrackers,axxonsoft.bl.ptz.TagAndTrackService.ListTrackers,ListTnTTrackersRequest,ListTnTTrackersResponse,none,read,tested-warn-fixture-needed,GET /v1/tag_and_track/trackers,axxonsoft/bl/ptz/TagAndTrack.proto
axxonsoft.bl.ptz,TagAndTrackService,SetMode,axxonsoft.bl.ptz.TagAndTrackService.SetMode,SetModeRequest,SetModeResponse,none,mutating,pending,POST /v1/tag_and_track/action:mode,axxonsoft/bl/ptz/TagAndTrack.proto
axxonsoft.bl.ptz,TagAndTrackService,FollowTrack,axxonsoft.bl.ptz.TagAndTrackService.FollowTrack,TnTFollowTrackRequest,TnTFollowTrackResponse,none,mutating,pending,POST /v1/tag_and_track/action:follow,axxonsoft/bl/ptz/TagAndTrack.proto
axxonsoft.bl.ptz,TagAndTrackService,MoveToCoords,axxonsoft.bl.ptz.TagAndTrackService.MoveToCoords,TnTMoveToCoordsRequest,TnTMoveToCoordsResponse,none,mutating,pending,POST /v1/tag_and_track/action:move,axxonsoft/bl/ptz/TagAndTrack.proto
axxonsoft.bl.ptz,TelemetryService,AcquireSessionId,axxonsoft.bl.ptz.TelemetryService.AcquireSessionId,AcquireSessionRequest,AcquireSessionResponse,none,read,pending,GET /v1/telemetry/sessions,axxonsoft/bl/ptz/Telemetry.proto
axxonsoft.bl.ptz,TelemetryService,KeepAlive,axxonsoft.bl.ptz.TelemetryService.KeepAlive,SessionRequest,KeepAliveResponse,none,mutating,pending,POST /v1/telemetry/sessions:keepAlive,axxonsoft/bl/ptz/Telemetry.proto
axxonsoft.bl.ptz,TelemetryService,ReleaseSessionId,axxonsoft.bl.ptz.TelemetryService.ReleaseSessionId,SessionRequest,google.protobuf.Empty,none,mutating,pending,POST /v1/telemetry/sessions:release,axxonsoft/bl/ptz/Telemetry.proto
axxonsoft.bl.ptz,TelemetryService,IsSessionAvailable,axxonsoft.bl.ptz.TelemetryService.IsSessionAvailable,IsSessionAvailableRequest,IsSessionAvailableResponse,none,review,pending,POST /v1/telemetry/sessions:checkAvailability,axxonsoft/bl/ptz/Telemetry.proto
axxonsoft.bl.ptz,TelemetryService,Move,axxonsoft.bl.ptz.TelemetryService.Move,MoveRequest,google.protobuf.Empty,none,mutating,pending,POST /v1/telemetry:move,axxonsoft/bl/ptz/Telemetry.proto
axxonsoft.bl.ptz,TelemetryService,Zoom,axxonsoft.bl.ptz.TelemetryService.Zoom,CommonRequest,google.protobuf.Empty,none,mutating,pending,POST /v1/telemetry:zoom,axxonsoft/bl/ptz/Telemetry.proto
axxonsoft.bl.ptz,TelemetryService,Focus,axxonsoft.bl.ptz.TelemetryService.Focus,CommonRequest,google.protobuf.Empty,none,mutating,pending,POST /v1/telemetry:focus,axxonsoft/bl/ptz/Telemetry.proto
axxonsoft.bl.ptz,TelemetryService,FocusAuto,axxonsoft.bl.ptz.TelemetryService.FocusAuto,SessionID,google.protobuf.Empty,none,mutating,pending,POST /v1/telemetry:focusAuto,axxonsoft/bl/ptz/Telemetry.proto
axxonsoft.bl.ptz,TelemetryService,Iris,axxonsoft.bl.ptz.TelemetryService.Iris,CommonRequest,google.protobuf.Empty,none,mutating,pending,POST /v1/telemetry:iris,axxonsoft/bl/ptz/Telemetry.proto
axxonsoft.bl.ptz,TelemetryService,IrisAuto,axxonsoft.bl.ptz.TelemetryService.IrisAuto,SessionID,google.protobuf.Empty,none,mutating,pending,POST /v1/telemetry:irisAuto,axxonsoft/bl/ptz/Telemetry.proto
axxonsoft.bl.ptz,TelemetryService,AbsoluteMove,axxonsoft.bl.ptz.TelemetryService.AbsoluteMove,AbsoluteMoveRequest,google.protobuf.Empty,none,mutating,pending,POST /v1/telemetry:absoluteMove,axxonsoft/bl/ptz/Telemetry.proto
axxonsoft.bl.ptz,TelemetryService,AbsoluteMoveNormalized,axxonsoft.bl.ptz.TelemetryService.AbsoluteMoveNormalized,AbsoluteMoveNormalizedRequest,google.protobuf.Empty,none,mutating,pending,POST /v1/telemetry:absoluteMoveN,axxonsoft/bl/ptz/Telemetry.proto
axxonsoft.bl.ptz,TelemetryService,GetPositionInformation,axxonsoft.bl.ptz.TelemetryService.GetPositionInformation,GetPositionInformationRequest,GetPositionInformationResponse,none,read,tested-warn-fixture-needed,GET /v1/telemetry/position,axxonsoft/bl/ptz/Telemetry.proto
axxonsoft.bl.ptz,TelemetryService,GetPositionInformationNormalized,axxonsoft.bl.ptz.TelemetryService.GetPositionInformationNormalized,GetPositionInformationRequest,GetPositionInformationNormalizedResponse,none,read,tested-warn-fixture-needed,GET /v1/telemetry/position_n,axxonsoft/bl/ptz/Telemetry.proto
axxonsoft.bl.ptz,TelemetryService,SetPreset,axxonsoft.bl.ptz.TelemetryService.SetPreset,SetPresetRequest,google.protobuf.Empty,none,mutating,pending,POST /v1/telemetry/presets:set,axxonsoft/bl/ptz/Telemetry.proto
axxonsoft.bl.ptz,TelemetryService,SetPreset2,axxonsoft.bl.ptz.TelemetryService.SetPreset2,SetPresetRequest,SetPresetResponse,none,mutating,pending,POST /v1/telemetry/presets:set2,axxonsoft/bl/ptz/Telemetry.proto
axxonsoft.bl.ptz,TelemetryService,ConfigurePreset,axxonsoft.bl.ptz.TelemetryService.ConfigurePreset,ConfigurePresetRequest,google.protobuf.Empty,none,mutating,pending,POST /v1/telemetry:configure,axxonsoft/bl/ptz/Telemetry.proto
axxonsoft.bl.ptz,TelemetryService,GoPreset,axxonsoft.bl.ptz.TelemetryService.GoPreset,GoPresetRequest,google.protobuf.Empty,none,mutating,pending,POST /v1/telemetry/presets:go,axxonsoft/bl/ptz/Telemetry.proto
axxonsoft.bl.ptz,TelemetryService,RemovePreset,axxonsoft.bl.ptz.TelemetryService.RemovePreset,RemovePresetRequest,google.protobuf.Empty,none,mutating,pending,POST /v1/telemetry/presets:remove,axxonsoft/bl/ptz/Telemetry.proto
axxonsoft.bl.ptz,TelemetryService,PointMove,axxonsoft.bl.ptz.TelemetryService.PointMove,PointMoveRequest,google.protobuf.Empty,none,mutating,pending,POST /v1/telemetry:pointMove,axxonsoft/bl/ptz/Telemetry.proto
axxonsoft.bl.ptz,TelemetryService,AreaZoom,axxonsoft.bl.ptz.TelemetryService.AreaZoom,AreaZoomRequest,google.protobuf.Empty,none,mutating,pending,POST /v1/telemetry:areaZoom,axxonsoft/bl/ptz/Telemetry.proto
axxonsoft.bl.ptz,TelemetryService,GetPresetsInfo,axxonsoft.bl.ptz.TelemetryService.GetPresetsInfo,GetPresetsInfoRequest,PresetCollectionResponse,none,read,tested-warn-fixture-needed,GET /v1/telemetry/presets,axxonsoft/bl/ptz/Telemetry.proto
axxonsoft.bl.ptz,TelemetryService,GetAuxiliaryOperations,axxonsoft.bl.ptz.TelemetryService.GetAuxiliaryOperations,GetAuxiliaryOperationsRequest,GetAuxiliaryOperationsResponse,none,read,tested-warn-fixture-needed,GET /v1/telemetry/operations,axxonsoft/bl/ptz/Telemetry.proto
axxonsoft.bl.ptz,TelemetryService,PerformAuxiliaryOperation,axxonsoft.bl.ptz.TelemetryService.PerformAuxiliaryOperation,PerformAuxiliaryOperationRequest,PerformAuxiliaryOperationResponse,none,mutating,pending,POST /v1/telemetry:performOperations,axxonsoft/bl/ptz/Telemetry.proto
axxonsoft.bl.ptz,TelemetryService,GetTours,axxonsoft.bl.ptz.TelemetryService.GetTours,GetToursRequest,GetToursResponse,none,read,tested-warn-fixture-needed,GET /v1/telemetry/tours,axxonsoft/bl/ptz/Telemetry.proto
axxonsoft.bl.ptz,TelemetryService,GetTourPoints,axxonsoft.bl.ptz.TelemetryService.GetTourPoints,GetTourPointsRequest,GetTourPointsResponse,none,read,tested-warn-fixture-needed,GET /v1/telemetry/tours/points,axxonsoft/bl/ptz/Telemetry.proto
axxonsoft.bl.ptz,TelemetryService,PlayTour,axxonsoft.bl.ptz.TelemetryService.PlayTour,PlayTourRequest,PlayTourResponse,none,mutating,pending,POST /v1/telemetry/tours:play,axxonsoft/bl/ptz/Telemetry.proto
axxonsoft.bl.ptz,TelemetryService,StopTour,axxonsoft.bl.ptz.TelemetryService.StopTour,StopTourRequest,StopTourResponse,none,mutating,pending,POST /v1/telemetry/tours:stop,axxonsoft/bl/ptz/Telemetry.proto
axxonsoft.bl.ptz,TelemetryService,StartFillTour,axxonsoft.bl.ptz.TelemetryService.StartFillTour,StartFillTourRequest,StartFillTourResponse,none,mutating,pending,POST /v1/telemetry/tours:startFill,axxonsoft/bl/ptz/Telemetry.proto
axxonsoft.bl.ptz,TelemetryService,SetTourPoint,axxonsoft.bl.ptz.TelemetryService.SetTourPoint,SetTourPointRequest,SetTourPointResponse,none,mutating,pending,POST /v1/telemetry/tours:setPoint,axxonsoft/bl/ptz/Telemetry.proto
axxonsoft.bl.ptz,TelemetryService,StopFillTour,axxonsoft.bl.ptz.TelemetryService.StopFillTour,StopFillTourRequest,StopFillTourResponse,none,mutating,pending,POST /v1/telemetry/tours:stopFill,axxonsoft/bl/ptz/Telemetry.proto
axxonsoft.bl.ptz,TelemetryService,RemoveTour,axxonsoft.bl.ptz.TelemetryService.RemoveTour,RemoveTourRequest,RemoveTourResponse,none,mutating,pending,POST /v1/telemetry/tours:remove,axxonsoft/bl/ptz/Telemetry.proto
axxonsoft.bl.realtimerecognizer,RealtimeRecognizerService,ChangeLists,axxonsoft.bl.realtimerecognizer.RealtimeRecognizerService.ChangeLists,ChangeListsRequest,ChangeListsResponse,none,mutating,pending,,axxonsoft/bl/realtimeRecognizer/RealtimeRecognizer.proto
axxonsoft.bl.realtimerecognizer,RealtimeRecognizerService,ChangeListsStream,axxonsoft.bl.realtimerecognizer.RealtimeRecognizerService.ChangeListsStream,ChangeListsStreamRequest,ChangeListsStreamResponse,bidi,mutating,pending,,axxonsoft/bl/realtimeRecognizer/RealtimeRecognizer.proto
axxonsoft.bl.realtimerecognizer,RealtimeRecognizerService,ChangeItems,axxonsoft.bl.realtimerecognizer.RealtimeRecognizerService.ChangeItems,ChangeItemsRequest,ChangeItemsResponse,bidi,mutating,pending,,axxonsoft/bl/realtimeRecognizer/RealtimeRecognizer.proto
axxonsoft.bl.realtimerecognizer,RealtimeRecognizerService,GetLists,axxonsoft.bl.realtimerecognizer.RealtimeRecognizerService.GetLists,GetListsRequest,GetListsResponse,none,read,tested-warn-fixture-needed,,axxonsoft/bl/realtimeRecognizer/RealtimeRecognizer.proto
axxonsoft.bl.realtimerecognizer,RealtimeRecognizerService,GetListStream,axxonsoft.bl.realtimerecognizer.RealtimeRecognizerService.GetListStream,GetListStreamRequest,GetListStreamResponse,server,read,tested-warn-fixture-needed,,axxonsoft/bl/realtimeRecognizer/RealtimeRecognizer.proto
axxonsoft.bl.realtimerecognizer,RealtimeRecognizerService,GetItems,axxonsoft.bl.realtimerecognizer.RealtimeRecognizerService.GetItems,GetItemsRequest,GetItemsResponse,server,read,tested-warn-fixture-needed,,axxonsoft/bl/realtimeRecognizer/RealtimeRecognizer.proto
axxonsoft.bl.realtimerecognizer,RealtimeRecognizerService,Clear,axxonsoft.bl.realtimerecognizer.RealtimeRecognizerService.Clear,ClearRequest,ClearResponse,none,mutating,pending,,axxonsoft/bl/realtimeRecognizer/RealtimeRecognizer.proto
axxonsoft.bl.realtimerecognizer,RealtimeRecognizerExternalService,GetData,axxonsoft.bl.realtimerecognizer.RealtimeRecognizerExternalService.GetData,GetDataRequest,GetDataResponse,none,read,tested-warn-fixture-needed,,axxonsoft/bl/realtimeRecognizer/RealtimeRecognizerExternal.proto
axxonsoft.bl.security,SecurityService,ListConfig,axxonsoft.bl.security.SecurityService.ListConfig,ListConfigRequest,ListConfigResponse,none,read,tested-pass,GET /v1/security/config,axxonsoft/bl/security/SecurityService.proto
axxonsoft.bl.security,SecurityService,ListRoles,axxonsoft.bl.security.SecurityService.ListRoles,ListRolesRequest,ListRolesResponse,none,read,tested-pass,GET /v1/security/roles,axxonsoft/bl/security/SecurityService.proto
axxonsoft.bl.security,SecurityService,ListUsers,axxonsoft.bl.security.SecurityService.ListUsers,ListUsersRequest,ListUsersResponse,none,read,tested-pass,GET /v1/security/users,axxonsoft/bl/security/SecurityService.proto
axxonsoft.bl.security,SecurityService,ListLDAPServers,axxonsoft.bl.security.SecurityService.ListLDAPServers,ListLDAPServersRequest,ListLDAPServersResponse,none,read,tested-pass,GET /v1/security/ldapservers,axxonsoft/bl/security/SecurityService.proto
axxonsoft.bl.security,SecurityService,TestLDAPConnection,axxonsoft.bl.security.SecurityService.TestLDAPConnection,TestLDAPConnectionRequest,TestLDAPConnectionResponse,none,mutating,pending,POST /v1/security/ldap:testConnection,axxonsoft/bl/security/SecurityService.proto
axxonsoft.bl.security,SecurityService,GetLDAPSynchronization,axxonsoft.bl.security.SecurityService.GetLDAPSynchronization,GetLDAPSynchronizationRequest,LDAPSynchronization,none,read,tested-pass,GET /v1/security/ldapsynchronization,axxonsoft/bl/security/SecurityService.proto
axxonsoft.bl.security,SecurityService,GetLDAPSynchronizationState,axxonsoft.bl.security.SecurityService.GetLDAPSynchronizationState,GetLDAPSynchronizationStateRequest,LDAPSynchronizationState,none,read,tested-warn-fixture-needed,GET /v1/security/ldapsynchronization/state,axxonsoft/bl/security/SecurityService.proto
axxonsoft.bl.security,SecurityService,StartLDAPSynchronization,axxonsoft.bl.security.SecurityService.StartLDAPSynchronization,StartLDAPSynchronizationRequest,StartLDAPSynchronizationResponse,none,mutating,pending,POST /v1/security/ldapsynchronization:start,axxonsoft/bl/security/SecurityService.proto
axxonsoft.bl.security,SecurityService,StopLDAPSynchronization,axxonsoft.bl.security.SecurityService.StopLDAPSynchronization,StopLDAPSynchronizationRequest,StopLDAPSynchronizationResponse,none,mutating,pending,POST /v1/security/ldapsynchronization:stop,axxonsoft/bl/security/SecurityService.proto
axxonsoft.bl.security,SecurityService,GetPolicies,axxonsoft.bl.security.SecurityService.GetPolicies,GetPoliciesRequest,GetPoliciesResponse,none,read,tested-pass,GET /v1/security/policies,axxonsoft/bl/security/SecurityService.proto
axxonsoft.bl.security,SecurityService,GetCloudConfig,axxonsoft.bl.security.SecurityService.GetCloudConfig,GetCloudConfigRequest,GetCloudConfigResponse,none,read,tested-pass,GET /v1/security/cloud/config,axxonsoft/bl/security/SecurityService.proto
axxonsoft.bl.security,SecurityService,ChangeConfig,axxonsoft.bl.security.SecurityService.ChangeConfig,ChangeConfigRequest,ChangeConfigResponse,none,mutating,tested-pass-safe-record,POST /v1/security/config:change,axxonsoft/bl/security/SecurityService.proto
axxonsoft.bl.security,SecurityService,CheckPassword,axxonsoft.bl.security.SecurityService.CheckPassword,CheckPasswordRequest,CheckPasswordResponse,none,review,pending,POST /v1/security/checkpass,axxonsoft/bl/security/SecurityService.proto
axxonsoft.bl.security,SecurityService,ListGlobalPermissions,axxonsoft.bl.security.SecurityService.ListGlobalPermissions,ListGlobalPermissionsRequest,ListGlobalPermissionsResponse,none,read,tested-pass,GET /v1/security/permissions/global,axxonsoft/bl/security/SecurityService.proto
axxonsoft.bl.security,SecurityService,SetGlobalPermissions,axxonsoft.bl.security.SecurityService.SetGlobalPermissions,SetGlobalPermissionsRequest,SetGlobalPermissionsResponse,none,mutating,tested-pass-safe-record,POST /v1/security/permissions/global:update,axxonsoft/bl/security/SecurityService.proto
axxonsoft.bl.security,SecurityService,ListGroupsPermissions,axxonsoft.bl.security.SecurityService.ListGroupsPermissions,ListGroupsPermissionsRequest,ListGroupsPermissionsResponse,none,read,tested-pass,GET /v1/security/permissions/groups,axxonsoft/bl/security/SecurityService.proto
axxonsoft.bl.security,SecurityService,ListGroupsPermissionsInfo,axxonsoft.bl.security.SecurityService.ListGroupsPermissionsInfo,ListGroupsPermissionsInfoRequest,ListGroupsPermissionsInfoResponse,none,read,tested-pass,GET /v1/security/permissions/groupsInfo,axxonsoft/bl/security/SecurityService.proto
axxonsoft.bl.security,SecurityService,SetGroupsPermissions,axxonsoft.bl.security.SecurityService.SetGroupsPermissions,SetGroupsPermissionsRequest,SetGroupsPermissionsResponse,none,mutating,tested-pass-safe-record,POST /v1/security/permissions/groups:update,axxonsoft/bl/security/SecurityService.proto
axxonsoft.bl.security,SecurityService,ListObjectPermissions,axxonsoft.bl.security.SecurityService.ListObjectPermissions,ListObjectPermissionsRequest,ListObjectPermissionsResponse,none,read,tested-pass,GET /v1/security/permissions/objects,axxonsoft/bl/security/SecurityService.proto
axxonsoft.bl.security,SecurityService,ListObjectsPermissionsInfo,axxonsoft.bl.security.SecurityService.ListObjectsPermissionsInfo,ListObjectsPermissionsInfoRequest,ListObjectsPermissionsInfoResponse,none,read,tested-pass,GET /v1/security/permissions/objectsInfo,axxonsoft/bl/security/SecurityService.proto
axxonsoft.bl.security,SecurityService,SetObjectPermissions,axxonsoft.bl.security.SecurityService.SetObjectPermissions,SetObjectPermissionsRequest,SetObjectPermissionsResponse,none,mutating,tested-pass-safe-record,POST /v1/security/permissions/objects:update,axxonsoft/bl/security/SecurityService.proto
axxonsoft.bl.security,SecurityService,ListMacrosPermissions,axxonsoft.bl.security.SecurityService.ListMacrosPermissions,ListMacrosPermissionsRequest,ListMacrosPermissionsResponse,none,read,tested-pass,GET /v1/security/permissions/macros,axxonsoft/bl/security/SecurityService.proto
axxonsoft.bl.security,SecurityService,ListMacrosPermissionsPaged,axxonsoft.bl.security.SecurityService.ListMacrosPermissionsPaged,ListMacrosPermissionsPagedRequest,ListMacrosPermissionsPagedResponse,none,read,tested-pass,GET /v1/security/permissions/macrosPaged,axxonsoft/bl/security/SecurityService.proto
axxonsoft.bl.security,SecurityService,SetMacrosPermissions,axxonsoft.bl.security.SecurityService.SetMacrosPermissions,SetMacrosPermissionsRequest,SetMacrosPermissionsResponse,none,mutating,tested-pass-safe-record,POST /v1/security/permissions/macros:update,axxonsoft/bl/security/SecurityService.proto
axxonsoft.bl.security,SecurityService,SearchLDAP,axxonsoft.bl.security.SecurityService.SearchLDAP,SearchLDAPRequest,SearchLDAPResponse,none,read,tested-warn-fixture-needed,,axxonsoft/bl/security/SecurityService.proto
axxonsoft.bl.security,SecurityService,SearchLDAP2,axxonsoft.bl.security.SecurityService.SearchLDAP2,SearchLDAPRequest2,SearchLDAPResponse2,none,review,pending,POST /v1/security/ldap:search,axxonsoft/bl/security/SecurityService.proto
axxonsoft.bl.security,SecurityService,SearchLDAPGroups,axxonsoft.bl.security.SecurityService.SearchLDAPGroups,SearchLDAPGroupsRequest,SearchLDAPGroupsResponse,none,review,pending,POST /v1/security/ldap/groups:search,axxonsoft/bl/security/SecurityService.proto
axxonsoft.bl.security,SecurityService,GenGoogleAuthSecret,axxonsoft.bl.security.SecurityService.GenGoogleAuthSecret,GenGoogleAuthSecretRequest,GenGoogleAuthSecretResponse,none,review,pending,,axxonsoft/bl/security/SecurityService.proto
axxonsoft.bl.security,SecurityService,EnableGoogleAuth,axxonsoft.bl.security.SecurityService.EnableGoogleAuth,EnableGoogleAuthRequest,EnableGoogleAuthResponse,none,review,pending,,axxonsoft/bl/security/SecurityService.proto
axxonsoft.bl.security,SecurityService,DisableGoogleAuth,axxonsoft.bl.security.SecurityService.DisableGoogleAuth,DisableGoogleAuthRequest,DisableGoogleAuthResponse,none,review,pending,,axxonsoft/bl/security/SecurityService.proto
axxonsoft.bl.security,SecurityService,CheckLogin,axxonsoft.bl.security.SecurityService.CheckLogin,CheckLoginRequest,CheckLoginResponse,none,read,tested-pass,GET /v1/security/checklogin,axxonsoft/bl/security/SecurityService.proto
axxonsoft.bl.security,SecurityService,ListUserGlobalPermissions,axxonsoft.bl.security.SecurityService.ListUserGlobalPermissions,google.protobuf.Empty,ListUserGlobalPermissionsResponse,none,read,tested-pass,GET /v1/security/permissions/global/user,axxonsoft/bl/security/SecurityService.proto
axxonsoft.bl.security,SecurityService,GetRestrictedConfig,axxonsoft.bl.security.SecurityService.GetRestrictedConfig,GetRestrictedConfigRequest,GetRestrictedConfigResponse,none,read,tested-pass,GET /v1/security/config/user,axxonsoft/bl/security/SecurityService.proto
axxonsoft.bl.security,SecurityService,ChangePassword,axxonsoft.bl.security.SecurityService.ChangePassword,ChangePasswordRequest,ChangePasswordResponse,none,mutating,pending,POST /v1/security/password:change,axxonsoft/bl/security/SecurityService.proto
axxonsoft.bl.security,SecurityService,ChangeLogin,axxonsoft.bl.security.SecurityService.ChangeLogin,ChangeLoginRequest,ChangeLoginResponse,none,mutating,pending,POST /v1/security/login:change,axxonsoft/bl/security/SecurityService.proto
axxonsoft.bl.settings,DomainSettingsService,GetDataStorageSettings,axxonsoft.bl.settings.DomainSettingsService.GetDataStorageSettings,GetDataStorageSettingsRequest,DataStorageSettings,none,read,tested-pass,,axxonsoft/bl/settings/DomainSettingsService.proto
axxonsoft.bl.settings,DomainSettingsService,UpdateDataStorageSettings,axxonsoft.bl.settings.DomainSettingsService.UpdateDataStorageSettings,UpdateDataStorageSettingsRequest,DataStorageSettings,none,mutating,pending,,axxonsoft/bl/settings/DomainSettingsService.proto
axxonsoft.bl.settings,DomainSettingsService,GetExportSettings,axxonsoft.bl.settings.DomainSettingsService.GetExportSettings,GetExportSettingsRequest,GetExportSettingsResponse,none,read,tested-pass,,axxonsoft/bl/settings/DomainSettingsService.proto
axxonsoft.bl.settings,DomainSettingsService,UpdateExportSettings,axxonsoft.bl.settings.DomainSettingsService.UpdateExportSettings,UpdateExportSettingsRequest,UpdateExportSettingsResponse,none,mutating,tested-pass-safe-record,,axxonsoft/bl/settings/DomainSettingsService.proto
axxonsoft.bl.settings,DomainSettingsService,GetGDPRSettings,axxonsoft.bl.settings.DomainSettingsService.GetGDPRSettings,GetGDPRSettingsRequest,GetGDPRSettingsResponse,none,read,tested-pass,,axxonsoft/bl/settings/DomainSettingsService.proto
axxonsoft.bl.settings,DomainSettingsService,UpdateGDPRSettings,axxonsoft.bl.settings.DomainSettingsService.UpdateGDPRSettings,UpdateGDPRSettingsRequest,UpdateGDPRSettingsResponse,none,mutating,pending,,axxonsoft/bl/settings/DomainSettingsService.proto
axxonsoft.bl.settings,DomainSettingsService,GetBookmarkSettings,axxonsoft.bl.settings.DomainSettingsService.GetBookmarkSettings,GetBookmarkSettingsRequest,GetBookmarkSettingsResponse,none,read,tested-pass,,axxonsoft/bl/settings/DomainSettingsService.proto
axxonsoft.bl.settings,DomainSettingsService,UpdateBookmarkSettings,axxonsoft.bl.settings.DomainSettingsService.UpdateBookmarkSettings,UpdateBookmarkSettingsRequest,UpdateBookmarkSettingsResponse,none,mutating,pending,,axxonsoft/bl/settings/DomainSettingsService.proto
axxonsoft.bl.settings.generic,GenericSettingsService,GetSettings,axxonsoft.bl.settings.generic.GenericSettingsService.GetSettings,GetSettingsRequest,GetSettingsResponse,none,read,tested-warn-fixture-needed,,axxonsoft/bl/settings/generic/GenericSettings.proto
axxonsoft.bl.settings.generic,GenericSettingsService,SaveSettings,axxonsoft.bl.settings.generic.GenericSettingsService.SaveSettings,SaveSettingsRequest,SaveSettingsResponse,none,review,pending,,axxonsoft/bl/settings/generic/GenericSettings.proto
axxonsoft.bl.settings.generic,GenericSettingsService,RemoveSettings,axxonsoft.bl.settings.generic.GenericSettingsService.RemoveSettings,RemoveSettingsRequest,RemoveSettingsResponse,none,mutating,pending,,axxonsoft/bl/settings/generic/GenericSettings.proto
axxonsoft.bl.state,StateControlService,SetState,axxonsoft.bl.state.StateControlService.SetState,SetStateRequest,SetStateResponse,none,mutating,pending,,axxonsoft/bl/state/StateControl.proto
axxonsoft.bl.state,StateControlService,GetDefaultState,axxonsoft.bl.state.StateControlService.GetDefaultState,GetDefaultStateRequest,GetDefaultStateResponse,none,read,tested-warn-fixture-needed,,axxonsoft/bl/state/StateControl.proto
axxonsoft.bl.state,StateControlService,GetCurrentState,axxonsoft.bl.state.StateControlService.GetCurrentState,GetCurrentStateRequest,GetCurrentStateResponse,none,read,tested-warn-fixture-needed,,axxonsoft/bl/state/StateControl.proto
axxonsoft.bl.statistics,StatisticService,GetStatistics,axxonsoft.bl.statistics.StatisticService.GetStatistics,StatsRequest,StatsResponse,none,read,tested-pass,,axxonsoft/bl/statistics/Statistics.proto
axxonsoft.bl.tz,TimeZoneManager,ListTimeZones,axxonsoft.bl.tz.TimeZoneManager.ListTimeZones,ListTimeZonesRequest,ListTimeZonesResponse,none,read,tested-pass,GET /v1/time_zones,axxonsoft/bl/tz/TimeZonesManager.proto
axxonsoft.bl.tz,TimeZoneManager,BatchGetZones,axxonsoft.bl.tz.TimeZoneManager.BatchGetZones,BatchGetTimeZonesRequest,BatchGetTimeZonesResponse,none,read,tested-pass,GET /v1/time_zones:batchGet,axxonsoft/bl/tz/TimeZonesManager.proto
axxonsoft.bl.tz,TimeZoneManager,ChangeTimeZones,axxonsoft.bl.tz.TimeZoneManager.ChangeTimeZones,ChangeTimeZonesRequest,ChangeTimeZonesResponse,none,mutating,pending,POST /v1/time_zones:change,axxonsoft/bl/tz/TimeZonesManager.proto
axxonsoft.bl.tz,TimeZoneManager,GetNTP,axxonsoft.bl.tz.TimeZoneManager.GetNTP,ListNTPRequest,ListNTPResponse,none,read,tested-pass,GET /v1/time_sync/ntp_server,axxonsoft/bl/tz/TimeZonesManager.proto
axxonsoft.bl.tz,TimeZoneManager,SetNTP,axxonsoft.bl.tz.TimeZoneManager.SetNTP,SetNTPRequest,SetNTPResponse,none,mutating,pending,POST /v1/time_sync/ntp_server:update,axxonsoft/bl/tz/TimeZonesManager.proto
axxonsoft.bl.tz,TimeZoneManager,SetTimeZone,axxonsoft.bl.tz.TimeZoneManager.SetTimeZone,SetTimeZoneRequest,SetTimeZoneResponse,none,mutating,pending,POST /v1/time_zone:set,axxonsoft/bl/tz/TimeZonesManager.proto
axxonsoft.bl.tz,TimeZoneManager,GetTimeZone,axxonsoft.bl.tz.TimeZoneManager.GetTimeZone,GetTimeZoneRequest,GetTimeZoneResponse,none,read,tested-pass,GET /v1/time_zone,axxonsoft/bl/tz/TimeZonesManager.proto
axxonsoft.bl.videowall,VideowallService,RegisterWall,axxonsoft.bl.videowall.VideowallService.RegisterWall,RegisterWallRequest,RegisterWallResponse,none,mutating,pending,,axxonsoft/bl/videowall/Videowall.proto
axxonsoft.bl.videowall,VideowallService,UnregisterWall,axxonsoft.bl.videowall.VideowallService.UnregisterWall,UnregisterWallRequest,UnregisterWallResponse,none,mutating,pending,,axxonsoft/bl/videowall/Videowall.proto
axxonsoft.bl.videowall,VideowallService,ChangeWall,axxonsoft.bl.videowall.VideowallService.ChangeWall,ChangeWallRequest,ChangeWallResponse,none,mutating,pending,,axxonsoft/bl/videowall/Videowall.proto
axxonsoft.bl.videowall,VideowallService,ListWalls,axxonsoft.bl.videowall.VideowallService.ListWalls,ListWallsRequest,ListWallsResponse,server,read,tested-pass,,axxonsoft/bl/videowall/Videowall.proto
axxonsoft.bl.videowall,VideowallService,BatchGetWalls,axxonsoft.bl.videowall.VideowallService.BatchGetWalls,BatchGetWallsRequest,BatchGetWallsResponse,server,read,tested-warn-fixture-needed,,axxonsoft/bl/videowall/Videowall.proto
axxonsoft.bl.videowall,VideowallService,SetControlData,axxonsoft.bl.videowall.VideowallService.SetControlData,SetControlDataRequest,SetControlDataResponse,none,mutating,pending,,axxonsoft/bl/videowall/Videowall.proto
axxonsoft.bl.videowall,VideowallService,GetMyControlData,axxonsoft.bl.videowall.VideowallService.GetMyControlData,GetMyControlDataRequest,GetMyControlDataResponse,server,read,tested-warn-fixture-needed,,axxonsoft/bl/videowall/Videowall.proto
axxonsoft.bl.vmda,VMDAService,EnumerateSchemes,axxonsoft.bl.vmda.VMDAService.EnumerateSchemes,EnumerateSchemesRequest,EnumerateSchemesResponse,none,read,tested-pass,,axxonsoft/bl/vmda/VMDA.proto
axxonsoft.bl.vmda,VMDAService,Cleanup,axxonsoft.bl.vmda.VMDAService.Cleanup,CleanupRequest,CleanupResponse,none,review,pending,,axxonsoft/bl/vmda/VMDA.proto
axxonsoft.bl.vmda,VMDAService,ExecuteQuery,axxonsoft.bl.vmda.VMDAService.ExecuteQuery,ExecuteQueryRequest,ExecuteQueryResponse,server,review,pending,,axxonsoft/bl/vmda/VMDA.proto
axxonsoft.bl.vmda,VMDAService,ExecuteQueryTyped,axxonsoft.bl.vmda.VMDAService.ExecuteQueryTyped,ExecuteQueryTypedRequest,ExecuteQueryResponse,server,review,pending,,axxonsoft/bl/vmda/VMDA.proto
